cut_com;comuna;provincia;region;estado;plan_url;decreto_url
15101;Arica;Arica;"Arica y Parinacota";Aprobado;https://cambioclimatico.mma.gob.cl/recursos/view/305;https://cambioclimatico.mma.gob.cl/recursos/view/143
15102;Camarones;Arica;"Arica y Parinacota";Aprobado;https://cambioclimatico.mma.gob.cl/recursos/view/306;
15202;"General Lagos";Parinacota;"Arica y Parinacota";Aprobado;https://cambioclimatico.mma.gob.cl/recursos/view/144;
15201;Putre;Parinacota;"Arica y Parinacota";Aprobado;https://cambioclimatico.mma.gob.cl/recursos/view/307;
01107;"Alto Hospicio";Iquique;Tarapacá;"En proceso";;
01402;Camiña;"El Tamarugal";Tarapacá;"En proceso";;
01403;Colchane;"El Tamarugal";Tarapacá;"Sin información";;
01404;Huara;"El Tamarugal";Tarapacá;"En proceso";;
01101;Iquique;Iquique;Tarapacá;Aprobado;https://cambioclimatico.mma.gob.cl/recursos/view/308;
01405;Pica;"El Tamarugal";Tarapacá;"En proceso";;
01401;"Pozo Almonte";"El Tamarugal";Tarapacá;Aprobado;https://cambioclimatico.mma.gob.cl/recursos/view/309;
02101;Antofagasta;Antofagasta;Antofagasta;"En proceso";;
02201;Calama;"El Loa";Antofagasta;"En proceso";;
02302;"María Elena";Tocopilla;Antofagasta;"En proceso";;
02102;Mejillones;Antofagasta;Antofagasta;Aprobado;https://cambioclimatico.mma.gob.cl/recursos/view/310;
02202;Ollagüe;"El Loa";Antofagasta;Aprobado;https://cambioclimatico.mma.gob.cl/recursos/view/311;
02203;"San Pedro de Atacama";"El Loa";Antofagasta;"En proceso";;
02103;"Sierra Gorda";Antofagasta;Antofagasta;"En proceso";;
02104;Taltal;Antofagasta;Antofagasta;"En proceso";;
02301;Tocopilla;Tocopilla;Antofagasta;"En proceso";;
03302;"Alto del Carmen";Huasco;Atacama;"En proceso";;
03102;Caldera;Copiapó;Atacama;"En proceso";;
03201;Chañaral;Chañaral;Atacama;"En proceso";;
03101;Copiapó;Copiapó;Atacama;"En proceso";;
03202;"Diego de Almagro";Chañaral;Atacama;"En proceso";;
03303;Freirina;Huasco;Atacama;"En proceso";;
03304;Huasco;Huasco;Atacama;"En proceso";;
03103;"Tierra Amarilla";Copiapó;Atacama;"En proceso";;
03301;Vallenar;Huasco;Atacama;Aprobado;https://cambioclimatico.mma.gob.cl/recursos/view/312;https://cambioclimatico.mma.gob.cl/recursos/view/151
04103;Andacollo;Elqui;Coquimbo;"En proceso";;
04202;Canela;Choapa;Coquimbo;"En proceso";;
04302;Combarbalá;Limarí;Coquimbo;"En proceso";;
04102;Coquimbo;Elqui;Coquimbo;Aprobado;https://cambioclimatico.mma.gob.cl/recursos/view/303;
04201;Illapel;Choapa;Coquimbo;"En proceso";;
04104;"La Higuera";Elqui;Coquimbo;"En proceso";;
04101;"La Serena";Elqui;Coquimbo;"En proceso";;
04203;"Los Vilos";Choapa;Coquimbo;"En proceso";;
04303;"Monte Patria";Limarí;Coquimbo;Aprobado;https://cambioclimatico.mma.gob.cl/recursos/view/301;
04301;Ovalle;Limarí;Coquimbo;"En proceso";;
04105;Paiguano;Elqui;Coquimbo;"En proceso";;
04304;Punitaqui;Limarí;Coquimbo;"En proceso";;
04305;"Río Hurtado";Limarí;Coquimbo;Aprobado;https://cambioclimatico.mma.gob.cl/recursos/view/299;
04204;Salamanca;Choapa;Coquimbo;Aprobado;https://cambioclimatico.mma.gob.cl/recursos/view/460;
04106;Vicuña;Elqui;Coquimbo;"En proceso";;
05602;Algarrobo;"San Antonio";Valparaíso;Aprobado;https://cambioclimatico.mma.gob.cl/recursos/view/323;
05402;Cabildo;Petorca;Valparaíso;"En proceso";;
05502;Calera;Quillota;Valparaíso;Aprobado;https://cambioclimatico.mma.gob.cl/recursos/view/419;
05302;"Calle Larga";"Los Andes";Valparaíso;Aprobado;https://cambioclimatico.mma.gob.cl/recursos/view/246;https://cambioclimatico.mma.gob.cl/recursos/view/155
05603;Cartagena;"San Antonio";Valparaíso;Aprobado;https://cambioclimatico.mma.gob.cl/recursos/view/324;https://cambioclimatico.mma.gob.cl/recursos/view/160
05102;Casablanca;Valparaíso;Valparaíso;Aprobado;https://cambioclimatico.mma.gob.cl/recursos/view/318;
05702;Catemu;"San Felipe de Aconcagua";Valparaíso;Aprobado;https://cambioclimatico.mma.gob.cl/recursos/view/434;
05103;Concón;Valparaíso;Valparaíso;Aprobado;https://cambioclimatico.mma.gob.cl/recursos/view/314;
05604;"El Quisco";"San Antonio";Valparaíso;Aprobado;https://cambioclimatico.mma.gob.cl/recursos/view/325;
05605;"El Tabo";"San Antonio";Valparaíso;Aprobado;https://cambioclimatico.mma.gob.cl/recursos/view/354;
05503;Hijuelas;Quillota;Valparaíso;Aprobado;https://cambioclimatico.mma.gob.cl/recursos/view/321;
05201;"Isla de Pascua";"Isla de Pascua";Valparaíso;Aprobado;https://cambioclimatico.mma.gob.cl/recursos/view/177;
05104;"Juan Fernández";Valparaíso;Valparaíso;Aprobado;https://cambioclimatico.mma.gob.cl/recursos/view/248;
05504;"La Cruz";Quillota;Valparaíso;Aprobado;https://cambioclimatico.mma.gob.cl/recursos/view/435;
05401;"La Ligua";Petorca;Valparaíso;Aprobado;https://cambioclimatico.mma.gob.cl/recursos/view/416;
05802;Limache;"Marga Marga";Valparaíso;Aprobado;https://cambioclimatico.mma.gob.cl/recursos/view/329;
05703;Llaillay;"San Felipe de Aconcagua";Valparaíso;Aprobado;https://cambioclimatico.mma.gob.cl/recursos/view/244;
05301;"Los Andes";"Los Andes";Valparaíso;Aprobado;https://cambioclimatico.mma.gob.cl/recursos/view/317;
05506;Nogales;Quillota;Valparaíso;Aprobado;https://cambioclimatico.mma.gob.cl/recursos/view/163;https://cambioclimatico.mma.gob.cl/recursos/view/164
05803;Olmué;"Marga Marga";Valparaíso;Aprobado;https://cambioclimatico.mma.gob.cl/recursos/view/414;
05704;Panquehue;"San Felipe de Aconcagua";Valparaíso;Aprobado;https://cambioclimatico.mma.gob.cl/recursos/view/418;
05403;Papudo;Petorca;Valparaíso;"En proceso";;
05404;Petorca;Petorca;Valparaíso;Aprobado;https://cambioclimatico.mma.gob.cl/recursos/view/319;
05105;Puchuncaví;Valparaíso;Valparaíso;Aprobado;https://cambioclimatico.mma.gob.cl/recursos/view/315;
05705;Putaendo;"San Felipe de Aconcagua";Valparaíso;Aprobado;https://cambioclimatico.mma.gob.cl/recursos/view/169;https://cambioclimatico.mma.gob.cl/recursos/view/171
05501;Quillota;Quillota;Valparaíso;Aprobado;https://cambioclimatico.mma.gob.cl/recursos/view/320;
05801;Quilpué;"Marga Marga";Valparaíso;Aprobado;https://cambioclimatico.mma.gob.cl/recursos/view/172;
05107;Quintero;Valparaíso;Valparaíso;Aprobado;https://cambioclimatico.mma.gob.cl/recursos/view/243;https://cambioclimatico.mma.gob.cl/recursos/view/176
05303;Rinconada;"Los Andes";Valparaíso;"En proceso";;
05601;"San Antonio";"San Antonio";Valparaíso;Aprobado;https://cambioclimatico.mma.gob.cl/recursos/view/322;
05304;"San Esteban";"Los Andes";Valparaíso;Aprobado;https://cambioclimatico.mma.gob.cl/recursos/view/420;
05701;"San Felipe";"San Felipe de Aconcagua";Valparaíso;Aprobado;https://cambioclimatico.mma.gob.cl/recursos/view/327;
05706;"Santa María";"San Felipe de Aconcagua";Valparaíso;Aprobado;https://cambioclimatico.mma.gob.cl/recursos/view/328;
05606;"Santo Domingo";"San Antonio";Valparaíso;Aprobado;https://cambioclimatico.mma.gob.cl/recursos/view/326;
05101;Valparaíso;Valparaíso;Valparaíso;Aprobado;https://cambioclimatico.mma.gob.cl/recursos/view/313;
05804;"Villa Alemana";"Marga Marga";Valparaíso;Aprobado;https://cambioclimatico.mma.gob.cl/recursos/view/365;
05109;"Viña del Mar";Valparaíso;Valparaíso;Aprobado;https://cambioclimatico.mma.gob.cl/recursos/view/316;
05405;Zapallar;Petorca;Valparaíso;Aprobado;https://cambioclimatico.mma.gob.cl/recursos/view/436;
13502;Alhué;Melipilla;Metropolitana;Aprobado;https://cambioclimatico.mma.gob.cl/recursos/view/400;
13402;Buin;Maipo;Metropolitana;Aprobado;https://cambioclimatico.mma.gob.cl/recursos/view/147;
13403;"Calera de Tango";Maipo;Metropolitana;Aprobado;https://cambioclimatico.mma.gob.cl/recursos/view/149;
13102;Cerrillos;Santiago;Metropolitana;Aprobado;https://cambioclimatico.mma.gob.cl/recursos/view/331;
13103;"Cerro Navia";Santiago;Metropolitana;Aprobado;https://cambioclimatico.mma.gob.cl/recursos/view/150;
13301;Colina;Chacabuco;Metropolitana;Aprobado;https://cambioclimatico.mma.gob.cl/recursos/view/295;
13104;Conchalí;Santiago;Metropolitana;Aprobado;https://cambioclimatico.mma.gob.cl/recursos/view/334;
13503;Curacaví;Melipilla;Metropolitana;Aprobado;https://cambioclimatico.mma.gob.cl/recursos/view/152;
13105;"El Bosque";Santiago;Metropolitana;Aprobado;https://cambioclimatico.mma.gob.cl/recursos/view/332;
13602;"El Monte";Talagante;Metropolitana;Aprobado;https://cambioclimatico.mma.gob.cl/recursos/view/153;
13106;"Estación Central";Santiago;Metropolitana;Aprobado;https://cambioclimatico.mma.gob.cl/recursos/view/336;
13107;Huechuraba;Santiago;Metropolitana;Aprobado;https://cambioclimatico.mma.gob.cl/recursos/view/333;
13108;Independencia;Santiago;Metropolitana;Aprobado;https://cambioclimatico.mma.gob.cl/recursos/view/337;
13603;"Isla de Maipo";Talagante;Metropolitana;Aprobado;https://cambioclimatico.mma.gob.cl/recursos/view/156;
13109;"La Cisterna";Santiago;Metropolitana;"En proceso";;
13110;"La Florida";Santiago;Metropolitana;Aprobado;https://cambioclimatico.mma.gob.cl/recursos/view/339;
13111;"La Granja";Santiago;Metropolitana;Aprobado;https://cambioclimatico.mma.gob.cl/recursos/view/157;
13112;"La Pintana";Santiago;Metropolitana;Aprobado;https://cambioclimatico.mma.gob.cl/recursos/view/335;
13113;"La Reina";Santiago;Metropolitana;Aprobado;https://cambioclimatico.mma.gob.cl/recursos/view/158;
13302;Lampa;Chacabuco;Metropolitana;Aprobado;https://cambioclimatico.mma.gob.cl/recursos/view/159;
13114;"Las Condes";Santiago;Metropolitana;Aprobado;https://cambioclimatico.mma.gob.cl/recursos/view/456;
13115;"Lo Barnechea";Santiago;Metropolitana;Aprobado;https://cambioclimatico.mma.gob.cl/recursos/view/165;
13116;"Lo Espejo";Santiago;Metropolitana;Aprobado;https://cambioclimatico.mma.gob.cl/recursos/view/166;
13117;"Lo Prado";Santiago;Metropolitana;Aprobado;https://cambioclimatico.mma.gob.cl/recursos/view/340;
13118;Macul;Santiago;Metropolitana;Aprobado;https://cambioclimatico.mma.gob.cl/recursos/view/338;
13119;Maipú;Santiago;Metropolitana;Aprobado;https://cambioclimatico.mma.gob.cl/recursos/view/341;
13504;"María Pinto";Melipilla;Metropolitana;Aprobado;https://cambioclimatico.mma.gob.cl/recursos/view/348;
13501;Melipilla;Melipilla;Metropolitana;Aprobado;https://cambioclimatico.mma.gob.cl/recursos/view/167;
13604;"Padre Hurtado";Talagante;Metropolitana;Aprobado;https://cambioclimatico.mma.gob.cl/recursos/view/342;
13404;Paine;Maipo;Metropolitana;Aprobado;https://cambioclimatico.mma.gob.cl/recursos/view/170;
13121;"Pedro Aguirre Cerda";Santiago;Metropolitana;Aprobado;https://cambioclimatico.mma.gob.cl/recursos/view/173;
13605;Peñaflor;Talagante;Metropolitana;Aprobado;https://cambioclimatico.mma.gob.cl/recursos/view/174;
13122;Peñalolén;Santiago;Metropolitana;Aprobado;https://cambioclimatico.mma.gob.cl/recursos/view/297;
13202;Pirque;Cordillera;Metropolitana;Aprobado;https://cambioclimatico.mma.gob.cl/recursos/view/175;
13123;Providencia;Santiago;Metropolitana;Aprobado;https://cambioclimatico.mma.gob.cl/recursos/view/344;
13124;Pudahuel;Santiago;Metropolitana;Aprobado;https://cambioclimatico.mma.gob.cl/recursos/view/345;
13201;"Puente Alto";Cordillera;Metropolitana;"En proceso";;
13125;Quilicura;Santiago;Metropolitana;Aprobado;https://cambioclimatico.mma.gob.cl/recursos/view/180;
13126;"Quinta Normal";Santiago;Metropolitana;Aprobado;https://cambioclimatico.mma.gob.cl/recursos/view/179;
13127;Recoleta;Santiago;Metropolitana;Aprobado;https://cambioclimatico.mma.gob.cl/recursos/view/346;
13128;Renca;Santiago;Metropolitana;Aprobado;https://cambioclimatico.mma.gob.cl/recursos/view/347;
13401;"San Bernardo";Maipo;Metropolitana;Aprobado;https://cambioclimatico.mma.gob.cl/recursos/view/349;
13129;"San Joaquín";Santiago;Metropolitana;Aprobado;https://cambioclimatico.mma.gob.cl/recursos/view/350;
13203;"San José de Maipo";Cordillera;Metropolitana;Aprobado;https://cambioclimatico.mma.gob.cl/recursos/view/298;
13130;"San Miguel";Santiago;Metropolitana;Aprobado;https://cambioclimatico.mma.gob.cl/recursos/view/343;
13505;"San Pedro";Melipilla;Metropolitana;Aprobado;https://cambioclimatico.mma.gob.cl/recursos/view/351;
13131;"San Ramón";Santiago;Metropolitana;"En proceso";;
13101;Santiago;Santiago;Metropolitana;Aprobado;https://cambioclimatico.mma.gob.cl/recursos/view/330;
13601;Talagante;Talagante;Metropolitana;Aprobado;https://cambioclimatico.mma.gob.cl/recursos/view/352;
13303;Tiltil;Chacabuco;Metropolitana;"En proceso";;
13132;Vitacura;Santiago;Metropolitana;Aprobado;https://cambioclimatico.mma.gob.cl/recursos/view/353;
13120;Ñuñoa;Santiago;Metropolitana;Aprobado;https://cambioclimatico.mma.gob.cl/recursos/view/168;
06303;Chimbarongo;Colchagua;O'Higgins;"En proceso";;
06302;Chépica;Colchagua;O'Higgins;Aprobado;https://cambioclimatico.mma.gob.cl/recursos/view/250;
06102;Codegua;Cachapoal;O'Higgins;"En proceso";;
06103;Coinco;Cachapoal;O'Higgins;"En proceso";;
06104;Coltauco;Cachapoal;O'Higgins;"En proceso";;
06105;Doñihue;Cachapoal;O'Higgins;"En proceso";;
06106;Graneros;Cachapoal;O'Higgins;"En proceso";;
06202;"La Estrella";"Cardenal Caro";O'Higgins;"En proceso";;
06107;"Las Cabras";Cachapoal;O'Higgins;"En proceso";;
06203;Litueche;"Cardenal Caro";O'Higgins;"En proceso";;
06304;Lolol;Colchagua;O'Higgins;"En proceso";;
06108;Machalí;Cachapoal;O'Higgins;"En proceso";;
06109;Malloa;Cachapoal;O'Higgins;"En proceso";;
06204;Marchihue;"Cardenal Caro";O'Higgins;"En proceso";;
06110;Mostazal;Cachapoal;O'Higgins;"En proceso";;
06305;Nancagua;Colchagua;O'Higgins;"En proceso";;
06205;Navidad;"Cardenal Caro";O'Higgins;Aprobado;https://cambioclimatico.mma.gob.cl/recursos/view/182;
06111;Olivar;Cachapoal;O'Higgins;"En proceso";;
06306;Palmilla;Colchagua;O'Higgins;"En proceso";;
06206;Paredones;"Cardenal Caro";O'Higgins;"En proceso";;
06307;Peralillo;Colchagua;O'Higgins;"En proceso";;
06112;Peumo;Cachapoal;O'Higgins;"En proceso";;
06113;Pichidegua;Cachapoal;O'Higgins;"En proceso";;
06201;Pichilemu;"Cardenal Caro";O'Higgins;Aprobado;https://cambioclimatico.mma.gob.cl/recursos/view/183;
06308;Placilla;Colchagua;O'Higgins;"En proceso";;
06309;Pumanque;Colchagua;O'Higgins;"En proceso";;
06114;"Quinta de Tilcoco";Cachapoal;O'Higgins;"En proceso";;
06101;Rancagua;Cachapoal;O'Higgins;Aprobado;https://cambioclimatico.mma.gob.cl/recursos/view/184;
06115;Rengo;Cachapoal;O'Higgins;"En proceso";;
06116;Requínoa;Cachapoal;O'Higgins;"En proceso";;
06301;"San Fernando";Colchagua;O'Higgins;"En proceso";;
06117;"San Vicente";Cachapoal;O'Higgins;"En proceso";;
06310;"Santa Cruz";Colchagua;O'Higgins;"En proceso";;
07201;Cauquenes;Cauquenes;Maule;Aprobado;https://cambioclimatico.mma.gob.cl/recursos/view/421;
07202;Chanco;Cauquenes;Maule;"En proceso";;
07402;Colbún;Linares;Maule;Aprobado;https://cambioclimatico.mma.gob.cl/recursos/view/422;
07102;Constitución;Talca;Maule;"En proceso";;
07103;Curepto;Talca;Maule;"En proceso";;
07301;Curicó;Curicó;Maule;Aprobado;https://cambioclimatico.mma.gob.cl/recursos/view/423;
07104;Empedrado;Talca;Maule;"En proceso";;
07302;Hualañé;Curicó;Maule;Aprobado;https://cambioclimatico.mma.gob.cl/recursos/view/425;
07303;Licantén;Curicó;Maule;Aprobado;https://cambioclimatico.mma.gob.cl/recursos/view/426;
07401;Linares;Linares;Maule;Aprobado;https://cambioclimatico.mma.gob.cl/recursos/view/427;
07403;Longaví;Linares;Maule;"En proceso";;
07105;Maule;Talca;Maule;"Sin información";;
07304;Molina;Curicó;Maule;"Sin información";;
07404;Parral;Linares;Maule;"En proceso";;
07106;Pelarco;Talca;Maule;"En proceso";;
07203;Pelluhue;Cauquenes;Maule;"En proceso";;
07107;Pencahue;Talca;Maule;"Sin información";;
07305;Rauco;Curicó;Maule;"En proceso";;
07405;Retiro;Linares;Maule;"En proceso";;
07306;Romeral;Curicó;Maule;"En proceso";;
07108;"Río Claro";Talca;Maule;"Sin información";;
07307;"Sagrada Familia";Curicó;Maule;"En proceso";;
07109;"San Clemente";Talca;Maule;"En proceso";;
07406;"San Javier";Linares;Maule;"Sin información";;
07110;"San Rafael";Talca;Maule;"Sin información";;
07101;Talca;Talca;Maule;"En proceso";;
07308;Teno;Curicó;Maule;"En proceso";;
07309;Vichuquén;Curicó;Maule;"Sin información";;
07407;"Villa Alegre";Linares;Maule;"En proceso";;
07408;"Yerbas Buenas";Linares;Maule;"En proceso";;
16102;Bulnes;Diguillín;Ñuble;"En proceso";;
16101;Chillán;Diguillín;Ñuble;"En proceso";;
16103;"Chillán Viejo";Diguillín;Ñuble;Aprobado;https://cambioclimatico.mma.gob.cl/recursos/view/390;
16202;Cobquecura;Punilla;Ñuble;Aprobado;https://cambioclimatico.mma.gob.cl/recursos/view/392;
16203;Coelemu;Punilla;Ñuble;"En proceso";;
16302;Coihueco;Itata;Ñuble;Aprobado;https://cambioclimatico.mma.gob.cl/recursos/view/401;
16104;"El Carmen";Diguillín;Ñuble;Aprobado;https://cambioclimatico.mma.gob.cl/recursos/view/391;
16204;Ninhue;Punilla;Ñuble;Aprobado;https://cambioclimatico.mma.gob.cl/recursos/view/251;
16105;Pemuco;Diguillín;Ñuble;"En proceso";;
16106;Pinto;Diguillín;Ñuble;Aprobado;https://cambioclimatico.mma.gob.cl/recursos/view/185;
16205;Portezuelo;Punilla;Ñuble;Aprobado;https://cambioclimatico.mma.gob.cl/recursos/view/393;
16107;Quillón;Diguillín;Ñuble;"En proceso";;
16201;Quirihue;Punilla;Ñuble;"En proceso";;
16206;Ránquil;Punilla;Ñuble;Aprobado;https://cambioclimatico.mma.gob.cl/recursos/view/186;
16301;"San Carlos";Itata;Ñuble;Aprobado;https://cambioclimatico.mma.gob.cl/recursos/view/187;
16304;"San Fabián";Itata;Ñuble;"Sin información";;
16108;"San Ignacio";Diguillín;Ñuble;"Sin información";;
16305;"San Nicolás";Itata;Ñuble;"En proceso";;
16207;Trehuaco;Punilla;Ñuble;Aprobado;https://cambioclimatico.mma.gob.cl/recursos/view/188;
16109;Yungay;Diguillín;Ñuble;Aprobado;https://cambioclimatico.mma.gob.cl/recursos/view/189;
16303;Ñiquén;Itata;Ñuble;"En proceso";;
08314;"Alto Biobío";"Bio Bío";Biobío;"En proceso";;
08302;Antuco;"Bio Bío";Biobío;"En proceso";;
08202;Arauco;Arauco;Biobío;"En proceso";;
08303;Cabrero;"Bio Bío";Biobío;"En proceso";;
08203;Cañete;Arauco;Biobío;"En proceso";;
08103;Chiguayante;Concepción;Biobío;Aprobado;https://cambioclimatico.mma.gob.cl/recursos/view/192;
08101;Concepción;Concepción;Biobío;"En proceso";;
08204;Contulmo;Arauco;Biobío;"En proceso";;
08102;Coronel;Concepción;Biobío;Aprobado;https://cambioclimatico.mma.gob.cl/recursos/view/355;
08205;Curanilahue;Arauco;Biobío;Aprobado;https://cambioclimatico.mma.gob.cl/recursos/view/194;
08104;Florida;Concepción;Biobío;"En proceso";;
08112;Hualpén;Concepción;Biobío;Aprobado;https://cambioclimatico.mma.gob.cl/recursos/view/356;
08105;Hualqui;Concepción;Biobío;"En proceso";;
08304;Laja;"Bio Bío";Biobío;"En proceso";;
08201;Lebu;Arauco;Biobío;"En proceso";;
08206;"Los Álamos";Arauco;Biobío;"En proceso";;
08301;"Los Ángeles";"Bio Bío";Biobío;"En proceso";;
08106;Lota;Concepción;Biobío;"Sin información";;
08305;Mulchén;"Bio Bío";Biobío;"En proceso";;
08306;Nacimiento;"Bio Bío";Biobío;Aprobado;https://cambioclimatico.mma.gob.cl/recursos/view/360;
08307;Negrete;"Bio Bío";Biobío;"En proceso";;
08107;Penco;Concepción;Biobío;Aprobado;https://cambioclimatico.mma.gob.cl/recursos/view/359;
08308;Quilaco;"Bio Bío";Biobío;"Sin información";;
08309;Quilleco;"Bio Bío";Biobío;Aprobado;https://cambioclimatico.mma.gob.cl/recursos/view/195;
08108;"San Pedro de la Paz";Concepción;Biobío;Aprobado;https://cambioclimatico.mma.gob.cl/recursos/view/197;
08310;"San Rosendo";"Bio Bío";Biobío;"En proceso";;
08311;"Santa Bárbara";"Bio Bío";Biobío;"En proceso";;
08109;"Santa Juana";Concepción;Biobío;"En proceso";;
08110;Talcahuano;Concepción;Biobío;Aprobado;https://cambioclimatico.mma.gob.cl/recursos/view/357;
08207;Tirúa;Arauco;Biobío;Aprobado;https://cambioclimatico.mma.gob.cl/recursos/view/358;
08111;Tomé;Concepción;Biobío;"En proceso";;
08312;Tucapel;"Bio Bío";Biobío;Aprobado;https://cambioclimatico.mma.gob.cl/recursos/view/361;
08313;Yumbel;"Bio Bío";Biobío;"En proceso";;
09201;Angol;Malleco;"La Araucanía";"En proceso";;
09102;Carahue;Cautín;"La Araucanía";"En proceso";;
09121;Cholchol;Cautín;"La Araucanía";Aprobado;https://cambioclimatico.mma.gob.cl/recursos/view/399;https://cambioclimatico.mma.gob.cl/recursos/view/190
09202;Collipulli;Malleco;"La Araucanía";Aprobado;https://cambioclimatico.mma.gob.cl/recursos/view/362;
09103;Cunco;Cautín;"La Araucanía";"En proceso";;
09203;Curacautín;Malleco;"La Araucanía";"En proceso";;
09104;Curarrehue;Cautín;"La Araucanía";Aprobado;https://cambioclimatico.mma.gob.cl/recursos/view/363;
09204;Ercilla;Malleco;"La Araucanía";Aprobado;https://cambioclimatico.mma.gob.cl/recursos/view/252;
09105;Freire;Cautín;"La Araucanía";Aprobado;https://cambioclimatico.mma.gob.cl/recursos/view/398;
09106;Galvarino;Cautín;"La Araucanía";Aprobado;https://cambioclimatico.mma.gob.cl/recursos/view/364;
09107;Gorbea;Cautín;"La Araucanía";Aprobado;https://cambioclimatico.mma.gob.cl/recursos/view/191;
09108;Lautaro;Cautín;"La Araucanía";Aprobado;https://cambioclimatico.mma.gob.cl/recursos/view/193;
09109;Loncoche;Cautín;"La Araucanía";Aprobado;https://cambioclimatico.mma.gob.cl/recursos/view/397;https://cambioclimatico.mma.gob.cl/recursos/view/196
09205;Lonquimay;Malleco;"La Araucanía";Aprobado;https://cambioclimatico.mma.gob.cl/recursos/view/198;
09206;"Los Sauces";Malleco;"La Araucanía";Aprobado;https://cambioclimatico.mma.gob.cl/recursos/view/370;
09207;Lumaco;Malleco;"La Araucanía";Aprobado;https://cambioclimatico.mma.gob.cl/recursos/view/371;
09110;Melipeuco;Cautín;"La Araucanía";Aprobado;https://cambioclimatico.mma.gob.cl/recursos/view/366;
09111;"Nueva Imperial";Cautín;"La Araucanía";Aprobado;https://cambioclimatico.mma.gob.cl/recursos/view/200;
09112;"Padre Las Casas";Cautín;"La Araucanía";Aprobado;https://cambioclimatico.mma.gob.cl/recursos/view/396;
09113;Perquenco;Cautín;"La Araucanía";Aprobado;https://cambioclimatico.mma.gob.cl/recursos/view/214;
09114;Pitrufquén;Cautín;"La Araucanía";Aprobado;https://cambioclimatico.mma.gob.cl/recursos/view/218;
09115;Pucón;Cautín;"La Araucanía";Aprobado;https://cambioclimatico.mma.gob.cl/recursos/view/367;https://cambioclimatico.mma.gob.cl/recursos/view/220
09208;Purén;Malleco;"La Araucanía";Aprobado;https://cambioclimatico.mma.gob.cl/recursos/view/395;
09209;Renaico;Malleco;"La Araucanía";Aprobado;https://cambioclimatico.mma.gob.cl/recursos/view/394;
09116;Saavedra;Cautín;"La Araucanía";Aprobado;https://cambioclimatico.mma.gob.cl/recursos/view/368;
09101;Temuco;Cautín;"La Araucanía";Aprobado;https://cambioclimatico.mma.gob.cl/recursos/view/221;
09117;"Teodoro Schmidt";Cautín;"La Araucanía";Aprobado;https://cambioclimatico.mma.gob.cl/recursos/view/253;
09118;Toltén;Cautín;"La Araucanía";Aprobado;https://cambioclimatico.mma.gob.cl/recursos/view/226;
09210;Traiguén;Malleco;"La Araucanía";Aprobado;https://cambioclimatico.mma.gob.cl/recursos/view/227;
09211;Victoria;Malleco;"La Araucanía";Aprobado;https://cambioclimatico.mma.gob.cl/recursos/view/402;
09119;Vilcún;Cautín;"La Araucanía";Aprobado;https://cambioclimatico.mma.gob.cl/recursos/view/228;
09120;Villarrica;Cautín;"La Araucanía";Aprobado;https://cambioclimatico.mma.gob.cl/recursos/view/369;
14102;Corral;Valdivia;"Los Ríos";Aprobado;https://cambioclimatico.mma.gob.cl/recursos/view/213;
14202;Futrono;Ranco;"Los Ríos";Aprobado;https://cambioclimatico.mma.gob.cl/recursos/view/215;
14201;"La Unión";Ranco;"Los Ríos";Aprobado;https://cambioclimatico.mma.gob.cl/recursos/view/302;
14203;"Lago Ranco";Ranco;"Los Ríos";Aprobado;https://cambioclimatico.mma.gob.cl/recursos/view/216;
14103;Lanco;Valdivia;"Los Ríos";Aprobado;https://cambioclimatico.mma.gob.cl/recursos/view/217;
14104;"Los Lagos";Valdivia;"Los Ríos";Aprobado;https://cambioclimatico.mma.gob.cl/recursos/view/219;
14106;Mariquina;Valdivia;"Los Ríos";Aprobado;https://cambioclimatico.mma.gob.cl/recursos/view/211;
14105;Máfil;Valdivia;"Los Ríos";Aprobado;https://cambioclimatico.mma.gob.cl/recursos/view/212;
14107;Paillaco;Valdivia;"Los Ríos";Aprobado;https://cambioclimatico.mma.gob.cl/recursos/view/199;
14108;Panguipulli;Valdivia;"Los Ríos";Aprobado;https://cambioclimatico.mma.gob.cl/recursos/view/222;
14204;"Río Bueno";Ranco;"Los Ríos";Aprobado;https://cambioclimatico.mma.gob.cl/recursos/view/223;
14101;Valdivia;Valdivia;"Los Ríos";Aprobado;https://cambioclimatico.mma.gob.cl/recursos/view/224;
10202;Ancud;Chiloé;"Los Lagos";Aprobado;https://cambioclimatico.mma.gob.cl/recursos/view/229;
10102;Calbuco;Llanquihue;"Los Lagos";Aprobado;https://cambioclimatico.mma.gob.cl/recursos/view/373;https://cambioclimatico.mma.gob.cl/recursos/view/233
10201;Castro;Chiloé;"Los Lagos";Aprobado;https://cambioclimatico.mma.gob.cl/recursos/view/379;
10401;Chaitén;Palena;"Los Lagos";Aprobado;https://cambioclimatico.mma.gob.cl/recursos/view/404;
10203;Chonchi;Chiloé;"Los Lagos";"En proceso";;
10103;Cochamó;Llanquihue;"Los Lagos";Aprobado;https://cambioclimatico.mma.gob.cl/recursos/view/375;
10204;"Curaco de Vélez";Chiloé;"Los Lagos";Aprobado;https://cambioclimatico.mma.gob.cl/recursos/view/380;
10205;Dalcahue;Chiloé;"Los Lagos";Aprobado;https://cambioclimatico.mma.gob.cl/recursos/view/405;
10104;Fresia;Llanquihue;"Los Lagos";Aprobado;https://cambioclimatico.mma.gob.cl/recursos/view/376;
10105;Frutillar;Llanquihue;"Los Lagos";Aprobado;https://cambioclimatico.mma.gob.cl/recursos/view/234;
10402;Futaleufú;Palena;"Los Lagos";Aprobado;https://cambioclimatico.mma.gob.cl/recursos/view/254;
10403;Hualaihué;Palena;"Los Lagos";Aprobado;https://cambioclimatico.mma.gob.cl/recursos/view/406;
10107;Llanquihue;Llanquihue;"Los Lagos";Aprobado;https://cambioclimatico.mma.gob.cl/recursos/view/377;
10106;"Los Muermos";Llanquihue;"Los Lagos";Aprobado;https://cambioclimatico.mma.gob.cl/recursos/view/407;
10108;Maullín;Llanquihue;"Los Lagos";Aprobado;https://cambioclimatico.mma.gob.cl/recursos/view/378;
10301;Osorno;Osorno;"Los Lagos";Aprobado;https://cambioclimatico.mma.gob.cl/recursos/view/384;
10404;Palena;Palena;"Los Lagos";Aprobado;https://cambioclimatico.mma.gob.cl/recursos/view/372;
10101;"Puerto Montt";Llanquihue;"Los Lagos";Aprobado;https://cambioclimatico.mma.gob.cl/recursos/view/408;
10302;"Puerto Octay";Osorno;"Los Lagos";Aprobado;https://cambioclimatico.mma.gob.cl/recursos/view/409;
10109;"Puerto Varas";Llanquihue;"Los Lagos";"En proceso";;
10206;Puqueldón;Chiloé;"Los Lagos";Aprobado;https://cambioclimatico.mma.gob.cl/recursos/view/381;
10303;Purranque;Osorno;"Los Lagos";Aprobado;https://cambioclimatico.mma.gob.cl/recursos/view/385;
10304;Puyehue;Osorno;"Los Lagos";"En proceso";;
10207;Queilén;Chiloé;"Los Lagos";Aprobado;https://cambioclimatico.mma.gob.cl/recursos/view/410;
10208;Quellón;Chiloé;"Los Lagos";Aprobado;https://cambioclimatico.mma.gob.cl/recursos/view/382;https://cambioclimatico.mma.gob.cl/recursos/view/235
10209;Quemchi;Chiloé;"Los Lagos";"En proceso";;
10210;Quinchao;Chiloé;"Los Lagos";"En proceso";;
10305;"Río Negro";Osorno;"Los Lagos";Aprobado;https://cambioclimatico.mma.gob.cl/recursos/view/386;
10306;"San Juan de la Costa";Osorno;"Los Lagos";Aprobado;https://cambioclimatico.mma.gob.cl/recursos/view/411;
10307;"San Pablo";Osorno;"Los Lagos";Aprobado;https://cambioclimatico.mma.gob.cl/recursos/view/412;
11201;Aysén;Aysén;Aysén;"En proceso";;
11401;"Chile Chico";"General Carrera";Aysén;"En proceso";;
11202;Cisnes;Aysén;Aysén;Aprobado;https://cambioclimatico.mma.gob.cl/recursos/view/389;
11301;Cochrane;"Capitán Prat";Aysén;Aprobado;https://cambioclimatico.mma.gob.cl/recursos/view/225;
11101;Coihaique;Coyhaique;Aysén;Aprobado;https://cambioclimatico.mma.gob.cl/recursos/view/388;
11203;Guaitecas;Aysén;Aysén;"En proceso";;
11102;"Lago Verde";Coyhaique;Aysén;"En proceso";;
11302;O'Higgins;"Capitán Prat";Aysén;"En proceso";;
11402;"Río Ibáñez";"General Carrera";Aysén;Aprobado;https://cambioclimatico.mma.gob.cl/recursos/view/230;
11303;Tortel;"Capitán Prat";Aysén;Aprobado;https://cambioclimatico.mma.gob.cl/recursos/view/231;
12201;"Cabo de Hornos";"Antártica Chilena";Magallanes;Aprobado;https://cambioclimatico.mma.gob.cl/recursos/view/428;
12102;"Laguna Blanca";Magallanes;Magallanes;"Sin información";;
12401;Natales;"Última Esperanza";Magallanes;"Sin información";;
12301;Porvenir;"Tierra del Fuego";Magallanes;"Sin información";;
12302;Primavera;"Tierra del Fuego";Magallanes;"Sin información";;
12101;"Punta Arenas";Magallanes;Magallanes;Aprobado;https://cambioclimatico.mma.gob.cl/recursos/view/236;
12103;"Río Verde";Magallanes;Magallanes;"Sin información";;
12104;"San Gregorio";Magallanes;Magallanes;Aprobado;https://cambioclimatico.mma.gob.cl/recursos/view/443;
12303;Timaukel;"Tierra del Fuego";Magallanes;"Sin información";;
12402;"Torres del Paine";"Última Esperanza";Magallanes;Aprobado;https://cambioclimatico.mma.gob.cl/recursos/view/255;
