Región;Comunas;Nivel de planificación;Tipo de planificación;Clasificación;Denominación;Estado;Fecha de inicio de vigencia;Fecha de derogación;Fecha de último hito cumplido;Fecha de desestimiento;Modificación de Límite Urbano;Evaluación Ambiental Estratégica (EAE);Fecha de inicio de EAE;Fecha de término de EAE;Consulta Indígena;Códigos de instrumentos de origen que afecta
METROPOLITANA DE SANTIAGO;CERRILLOS;Comunal;PRC;Instrumento de origen;Plan Regulador Comunal de Santiago;Vigente;31-07-1939;;;;Sin información;Sin información;;;Sin información;1479, 2331
METROPOLITANA DE SANTIAGO;ESTACION CENTRAL;Comunal;PRC;Instrumento de origen;Plan Regulador Comunal de Santiago;Vigente;08-08-1939;;;;Sin información;Sin información;;;Sin información;2615, 1987, 1915, 1950, 2337
LOS RÍOS;LANCO;Comunal;PRC;Instrumento de origen;Plano General de Edificación y Urbanización de Malalhue;Vigente;31-12-1943;;;;Sin información;Sin información;;;Sin información;
VALPARAÍSO;QUILLOTA;Comunal;PRC;Instrumento de origen;Plan Regulador Comunal de Quillota;Vigente;10-12-1947;;;;Procede;No procede;;;No procede;391, 393, 394, 395, 396, 547, 2740, 2680
METROPOLITANA DE SANTIAGO;PEDRO AGUIRRE CERDA;Comunal;PRC;Instrumento de origen;Plan Regulador Comunal de San Miguel para PAC;Vigente;16-06-1951;;;;Sin información;Sin información;;;Sin información;2322, 1746, 1713, 1779, 1718, 1719, 1720
METROPOLITANA DE SANTIAGO;LA PINTANA;Comunal;PRC;Instrumento de origen;Plan Regulador Comunal de La Granja para La Pintana;Vigente;22-10-1952;;;;Sin información;Sin información;;;Sin información;2628, 1669, 1668, 1670, 1671
METROPOLITANA DE SANTIAGO;SAN RAMON;Comunal;PRC;Instrumento de origen;Plan Regulador Comunal de La Granja para San Ramón;Vigente;22-10-1952;;;;Sin información;Sin información;;;Sin información;2328
LA ARAUCANÍA;SAAVEDRA;Comunal;PRC;Instrumento de origen;Plan Regulador Comunal de Puerto Saavedra;Vigente;06-01-1964;;;;Sin información;Sin información;;;Sin información;1177
METROPOLITANA DE SANTIAGO;CERRILLOS;Comunal;PRC;Instrumento de origen;Plan Regulador Comunal de Maipú;Vigente;20-09-1965;;;;Sin información;Sin información;;;Sin información;2331
METROPOLITANA DE SANTIAGO;ESTACION CENTRAL;Comunal;PRC;Instrumento de origen;Plan Regulador Comunal de Maipú;Vigente;28-09-1965;;;;Sin información;Sin información;;;Sin información;2615, 2190, 2252, 2258, 2280, 2181, 2191, 2169
LA ARAUCANÍA;TEMUCO, VILCUN;Comunal;PRC;Instrumento de origen;Aprueba Plano Regulador, ordenanza local y límite urbano de Cajón.;Vigente;18-10-1966;;;;Sin información;Sin información;;;Sin información;1175
LA ARAUCANÍA;FREIRE;Comunal;PRC;Instrumento de origen;Plan Regulador Comunal de Freire;Vigente;18-10-1966;;;;Sin información;Sin información;;;Sin información;1168
LOS LAGOS;RIO NEGRO;Comunal;PRC;Instrumento de origen;Plan Regulador Comunal de Río Negro;Vigente;04-11-1966;;;;Sin información;Sin información;;;Sin información;
TARAPACÁ;HUARA;Comunal;PRC;Instrumento de origen;Plano Regulador de Pisagua;Vigente;10-11-1966;;;;Sin información;Sin información;;;Sin información;25, 26
ÑUBLE;SAN FABIÁN;Comunal;PRC;Instrumento de origen;Plan Regulador Comunal de San Fabián;Vigente;12-01-1967;;;;Sin información;Sin información;;;Sin información;2452, 2453, 2454
MAULE;VICHUQUEN;Comunal;PRC;Instrumento de origen;Plan Regulador Comunal de Vichuquén;Vigente;08-09-1967;;;;No procede;No procede;;;No procede;2669, 818, 819, 820, 3211, 3210
LOS LAGOS;PURRANQUE;Comunal;PRC;Instrumento de origen;Plan Regulador Comunal de Purranque;Vigente;12-01-1968;;;;Sin información;Sin información;;;Sin información;1187, 1249, 1250, 1292, 1195
METROPOLITANA DE SANTIAGO;PEÑAFLOR;Comunal;PRC;Instrumento de origen;Plan Regulador Comunal de Peñaflor;Vigente;26-02-1970;;;;Sin información;Sin información;;;Sin información;1677, 2120, 2124, 2036, 2941, 1630
VALPARAÍSO;ISLA DE PASCUA;Comunal;PRC;Instrumento de origen;Plan Regulador y Límite Urbano Hanga Roa, Isla de Pascua;Vigente;30-06-1971;;;;Sin información;Sin información;;;Sin información;3267, 556
METROPOLITANA DE SANTIAGO;EL BOSQUE;Comunal;PRC;Instrumento de origen;Plan Regulador Comunal de San Bernardo;Vigente;06-10-1976;;;;Sin información;Sin información;;;Sin información;3271, 2335
LOS RÍOS;VALDIVIA;Comunal;PRC;Instrumento de origen;Plan Regulador de Niebla;Vigente;28-12-1977;;;;Sin información;Sin información;;;Sin información;2645
LA ARAUCANÍA;LONQUIMAY;Comunal;PRC;Instrumento de origen;Plan Regulador Comunal de Villa Portales;Vigente;13-09-1978;;;;Sin información;Sin información;;;Sin información;1140, 1161
VALPARAÍSO;LA LIGUA;Comunal;PRC;Instrumento de origen;Plan Regulador Comunal de La Ligua;Vigente;17-12-1980;;;;Sin información;Sin información;;;Sin información;539
ATACAMA;VALLENAR;Comunal;PRC;Instrumento de origen;Plan Regulador Comunal de Vallenar;Vigente;06-02-1982;;;;Sin información;Sin información;;;Sin información;140, 141, 142, 150
BIOBÍO;CURANILAHUE;Comunal;PRC;Instrumento de origen;Plan Regulador de Curanilahue;Vigente;27-05-1982;;;;No procede;No procede;;;No procede;917, 918, 919, 920, 921, 922, 1027
VALPARAÍSO;OLMUE;Comunal;PRC;Instrumento de origen;Plan Regulador Comunal de Olmué;Vigente;23-09-1982;;;;Procede;No procede;;;No procede;503, 504, 505, 558
LA ARAUCANÍA;PADRE LAS CASAS;Comunal;PRC;Instrumento de origen;Zona F Plan Regulador Comunal de Temuco (Decreto N°100 del 14-07-1983);Vigente;14-07-1983;;;;Sin información;Sin información;;;Sin información;
BIOBÍO;LOTA;Comunal;PRC;Instrumento de origen;Plan Regulador Comunal de Lota;Vigente;01-09-1983;;;;No procede;No procede;;;No procede;956, 957, 958, 959
METROPOLITANA DE SANTIAGO;EL BOSQUE;Comunal;PRC;Instrumento de origen;Plan Regulador Comunal de La Cisterna;Vigente;18-10-1983;;;;Sin información;Sin información;;;Sin información;1794, 1759, 3271, 2335
METROPOLITANA DE SANTIAGO;LO ESPEJO;Comunal;PRC;Instrumento de origen;Plan Regulador Comunal de La Cisterna para Lo Espejo;Vigente;18-10-1983;;;;Sin información;Sin información;;;Sin información;
METROPOLITANA DE SANTIAGO;PEDRO AGUIRRE CERDA;Comunal;PRC;Instrumento de origen;Plan Regulador Comunal de La Cisterna para PAC;Vigente;18-10-1983;;;;Sin información;Sin información;;;Sin información;2322
LA ARAUCANÍA;PITRUFQUEN;Comunal;PRC;Instrumento de origen;Plan Regulador Comunal de Pitrufquén;Vigente;31-01-1984;;;;Sin información;Sin información;;;Sin información;1096, 1098, 1171
VALPARAÍSO;PUTAENDO;Comunal;PRC;Instrumento de origen;Plan Regulador Comunal de Putaendo;Vigente;08-03-1984;;;;Sin información;Sin información;;;Sin información;543
VALPARAÍSO;VALPARAISO;Comunal;PRC;Instrumento de origen;Plan Regulador Comunal de Valparaiso;Vigente;10-04-1984;;;;Procede;No procede;;;No procede;283, 284, 286, 285, 287, 288, 289, 290, 291, 292, 293, 294, 295, 296, 297, 298, 301, 551, 282, 3159, 2995, 3108, 3158, 3107, 3106, 3109, 3104, 3105, 2987, 2964, 2960, 2962, 2963, 2961, 2937, 2854, 2855, 2750, 2751, 2753, 2752, 2682, 2683, 2685, 2684
VALPARAÍSO;QUINTERO;Comunal;PRC;Instrumento de origen;Plan Regulador Comunal de Quintero;Vigente;08-05-1984;;;;Sin información;Sin información;;;Sin información;316, 559, 2851, 2672
TARAPACÁ;POZO ALMONTE;Comunal;PRC;Instrumento de origen;Plan Regulador de Pozo Almonte;Vigente;15-05-1984;;;;No procede;No procede;;;No procede;21, 29
VALPARAÍSO;SANTA MARIA;Comunal;PRC;Instrumento de origen;Plan Regulador Comunal de Santa María;Vigente;19-05-1984;;;;Procede;No procede;;;No procede;542
VALPARAÍSO;HIJUELAS;Comunal;PRC;Instrumento de origen;Plan Regulador Comunal de Hijuelas;Vigente;04-06-1984;;;;Sin información;Sin información;;;Sin información;
VALPARAÍSO;NOGALES;Comunal;PRC;Instrumento de origen;Plan Regulador Comunal de Nogales;Vigente;09-08-1984;;;;Sin información;Sin información;;;Sin información;557
VALPARAÍSO;LIMACHE;Comunal;PRC;Instrumento de origen;Plan Regulador Comunal de Limache;Vigente;18-01-1985;;;;Sin información;Sin información;;;Sin información;3286, 502, 548, 3058
METROPOLITANA DE SANTIAGO;QUILICURA;Comunal;PRC;Instrumento de origen;Plan Regulador Comunal de Quilicura;Vigente;08-05-1985;;;;Sin información;Sin información;;;Sin información;1989, 1992, 2325
VALPARAÍSO;CATEMU;Comunal;PRC;Instrumento de origen;Plan Regulador Comunal de Catemu;Vigente;11-08-1985;;;;Sin información;Sin información;;;Sin información;
COQUIMBO;LOS VILOS;Comunal;PRC;Instrumento de origen;Plan Regulador Comunal Los Vilos;Vigente;11-01-1986;;;;Sin información;Sin información;;;Sin información;216, 217, 238, 2924, 2922, 2923
VALPARAÍSO;PANQUEHUE;Comunal;PRC;Instrumento de origen;Plan Regulador Comunal de Panquehue;Vigente;16-05-1986;;;;Sin información;Sin información;;;Sin información;
MAGALLANES Y ANTÁRTICA CHILENA;NATALES;Comunal;PRC;Instrumento de origen;Plan Regulador Comunal de Natales, localidad de Puerto Natales;Vigente;07-07-1987;;;;No procede;No procede;;;No procede;1376, 3016
ARICA Y PARINACOTA;PUTRE;Comunal;PRC;Instrumento de origen;Plan Regulador Comunal de Putre;Vigente;04-11-1987;;;;Procede;No procede;;;Procede;2538
LIBERTADOR GENERAL BERNARDO O'HIGGINS;LAS CABRAS;Comunal;PRC;Instrumento de origen;Plan Regulador Comunal de Las Cabras;Vigente;03-12-1987;;;;Sin información;Sin información;;;Sin información;
MAULE;CONSTITUCION;Comunal;PRC;Instrumento de origen;Plan Regulador Comunal de Constitución;Vigente;06-02-1988;;;;Procede;No procede;;;No procede;2931, 781, 2928, 782, 783, 2929, 2930, 3218, 3221, 3220, 3219, 3222, 3223
MAGALLANES Y ANTÁRTICA CHILENA;CABO DE HORNOS;Comunal;PRC;Instrumento de origen;Plan Regulador Puerto Williams;Vigente;08-02-1988;;;;No procede;No procede;;;No procede;2627, 1393
LIBERTADOR GENERAL BERNARDO O'HIGGINS;PLACILLA;Comunal;PRC;Instrumento de origen;Plan Regulador Comunal de Placilla;Vigente;11-02-1988;;;;Sin información;Sin información;;;Sin información;748
LA ARAUCANÍA;LAUTARO;Comunal;PRC;Instrumento de origen;Plan Regulador Comunal de Lautaro;Vigente;19-02-1988;;;;Sin información;Sin información;;;Sin información;1083
LOS LAGOS;LLANQUIHUE;Comunal;PRC;Instrumento de origen;Plan Regulador Comunal de Llanquihue;Vigente;04-03-1988;;;;Sin información;Sin información;;;Sin información;1204, 1242
BIOBÍO;ARAUCO;Comunal;PRC;Instrumento de origen;Plan Regulador Comunal de Arauco;Vigente;24-03-1988;;;;No procede;No procede;;;No procede;868, 869, 870, 871, 872
LA ARAUCANÍA;NUEVA IMPERIAL;Comunal;PRC;Instrumento de origen;Plan Regulador Comunal de Nueva Imperial;Vigente;23-04-1988;;;;Sin información;Sin información;;;Sin información;1170
LIBERTADOR GENERAL BERNARDO O'HIGGINS;DOÑIHUE;Comunal;PRC;Instrumento de origen;Plan Regulador Comunal de Doñihue_Localidades de Doñihue y Lo Miranda;Vigente;03-05-1988;;;;Sin información;Sin información;;;Sin información;743
METROPOLITANA DE SANTIAGO;MELIPILLA;Comunal;PRC;Instrumento de origen;Plan Regulador Comunal de Melipilla;Vigente;06-06-1988;;;;Sin información;Sin información;;;Sin información;1944, 1954, 2066, 1766, 1823, 1832, 2099, 1710, 2072, 1674, 2038, 1881, 3301, 1986, 3276, 2198, 1762, 2282, 2281
COQUIMBO;SALAMANCA;Comunal;PRC;Instrumento de origen;Plan Regulador Comunal de Salamanca;Vigente;08-10-1988;;;;Procede;No procede;;;No procede;2867, 207, 241, 2926, 2925
LIBERTADOR GENERAL BERNARDO O'HIGGINS;SANTA CRUZ;Comunal;PRC;Instrumento de origen;Plan Regulador Comunal de Santa Cruz;Vigente;10-10-1988;;;;Sin información;Sin información;;;Sin información;729, 730, 733, 734, 737, 754, 731
LOS RÍOS;VALDIVIA;Comunal;PRC;Instrumento de origen;Plan Regulador Comunal de Valdivia;Vigente;03-11-1988;;;;Sin información;Sin información;;;Sin información;2567, 2568, 2569, 2570, 2571, 2572, 2573, 2575, 2574, 2576, 2578, 2577, 2579, 2580, 2581, 2582, 2583, 2584, 2585, 2586, 2587, 2588, 2589, 2590, 2591, 2592, 2645
LOS LAGOS;PALENA;Comunal;PRC;Instrumento de origen;Plan Regulador Comunal de Palena;Vigente;23-01-1989;;;;Sin información;Sin información;;;Sin información;1306
LA ARAUCANÍA;CARAHUE;Comunal;PRC;Instrumento de origen;Plan Regulador Comunal de Carahue;Vigente;05-04-1989;;;;Sin información;Sin información;;;Sin información;1067, 1066, 1178
LA ARAUCANÍA;CURACAUTIN;Comunal;PRC;Instrumento de origen;Plan Regulador Comunal de Curacautín;Vigente;04-05-1989;;;;Sin información;Sin información;;;Sin información;1135
BIOBÍO;MULCHEN;Comunal;PRC;Instrumento de origen;Plan Regulador Comunal de Mulchén;Vigente;26-06-1989;;;;No procede;No procede;;;No procede;961, 962
METROPOLITANA DE SANTIAGO;PEÑALOLEN;Comunal;PRC;Instrumento de origen;Plan Regulador Comunal de Peñalolén;Vigente;27-07-1989;;;;Sin información;Sin información;;;Sin información;2116, 2018, 1807, 1685, 1734, 1804, 1805, 1806, 1865, 1866, 1661, 1663, 1658, 1660, 1657, 1659, 1662, 3281, 2323
METROPOLITANA DE SANTIAGO;ÑUÑOA;Comunal;PRC;Instrumento de origen;Plan Regulador Comunal de Ñuñoa;Vigente;11-12-1989;;;;Sin información;Sin información;;;Sin información;1694, 1725, 1750, 1631, 1714, 2027, 1869, 2158, 1691, 1701, 1615, 1650, 2049, 1737, 2105, 1777, 2087, 1647, 3277, 3278, 1849, 1875, 2057, 1913
METROPOLITANA DE SANTIAGO;SANTIAGO;Comunal;PRC;Instrumento de origen;Plan Regulador Comunal de Santiago;Vigente;27-01-1990;;;;Sin información;Sin información;;;Sin información;2041, 2028, 2126, 2143, 2370, 2037, 1793, 1853, 2221, 2075, 2157, 2048, 1928, 2371, 1792, 2372, 1969, 1863, 2373, 1897, 2130, 2129, 1850, 1612, 1639, 1776, 1803, 1824, 2076, 1751, 2144, 2112, 1856, 1699, 1700, 1742, 1958, 2156, 2237, 2031, 1736, 1784, 1695, 1835, 1901, 1703, 2077, 1925, 2232, 2013, 2248, 2070, 2133, 2039, 1796, 2315, 1949, 2081, 2187, 2193
METROPOLITANA DE SANTIAGO;PEDRO AGUIRRE CERDA;Comunal;PRC;Instrumento de origen;Plan Regulador Comunal de Santiago para PAC;Vigente;27-01-1990;;;;Sin información;Sin información;;;Sin información;2322, 1721
LOS LAGOS;PUERTO VARAS;Comunal;PRC;Instrumento de origen;Plan Regulador Comunal de Puerto Varas;Vigente;08-03-1990;;;;Sin información;Sin información;;;Sin información;1296, 1264, 1232, 1185, 1219, 1218, 1247, 1248, 1184, 1282, 1283, 1297
MAULE;PARRAL;Comunal;PRC;Instrumento de origen;Plan Regulador Comunal de Parral;Vigente;03-07-1990;;;;Procede;No procede;;;No procede;832
LOS RÍOS;PANGUIPULLI;Comunal;PRC;Instrumento de origen;Plan Regulador Comunal de Panguipulli;Vigente;27-07-1990;;;;No procede;No procede;;;No procede;2560, 2561, 2562, 2610
LIBERTADOR GENERAL BERNARDO O'HIGGINS;OLIVAR;Comunal;PRC;Instrumento de origen;Plan Regulador Comunal de Olivar;Vigente;24-09-1990;;;;Sin información;Sin información;;;Sin información;746
LIBERTADOR GENERAL BERNARDO O'HIGGINS;RANCAGUA;Comunal;PRC;Instrumento de origen;Plan Regulador Comunal de Rancagua;Vigente;25-09-1990;;;;Sin información;Sin información;;;Sin información;673, 674, 675, 676, 677, 678, 680, 679, 681, 682, 684, 683, 685, 686, 687, 688, 689, 690, 691, 692, 694, 738, 761, 2653, 693, 751
LA ARAUCANÍA;LONCOCHE;Comunal;PRC;Instrumento de origen;Plan Regulador Comunal de Loncoche;Vigente;14-01-1991;;;;Sin información;Sin información;;;Sin información;1089, 1088, 1086
METROPOLITANA DE SANTIAGO;CURACAVI;Comunal;PRC;Instrumento de origen;Plan Regulador Comunal de Curacaví;Vigente;07-02-1991;;;;Sin información;Sin información;;;Sin información;1968, 1618, 2658
LOS RÍOS;RIO BUENO;Comunal;PRC;Instrumento de origen;Plan Regulador Comunal de Río Bueno;Vigente;11-03-1991;;;;Sin información;Sin información;;;Sin información;2602, 2611
BIOBÍO;NEGRETE;Comunal;PRC;Instrumento de origen;Plan Regulador Comunal de Negrete;Vigente;27-09-1991;;;;No procede;No procede;;;No procede;968, 969
LA ARAUCANÍA;TRAIGUEN;Comunal;PRC;Instrumento de origen;Plan Regulador Comunal de Traiguén;Vigente;07-12-1991;;;;Sin información;Sin información;;;Sin información;1165
LA ARAUCANÍA;VICTORIA;Comunal;PRC;Instrumento de origen;Plan Regulador Comunal de Victoria;Vigente;07-12-1991;;;;Sin información;Sin información;;;Sin información;1153, 1156
LOS LAGOS;OSORNO;Comunal;PRC;Instrumento de origen;Plan Regulador Comunal de Osorno;Vigente;03-04-1992;;;;Sin información;Sin información;;;Sin información;1229, 1186, 1245, 1244, 1246, 1267, 1275, 2620, 1308, 3288
LA ARAUCANÍA;VILLARRICA;Comunal;PRC;Instrumento de origen;Plan Regulador Comunal de Villarrica;Vigente;11-06-1992;;;;Sin información;Sin información;;;Sin información;1115, 1122, 1120, 1121, 1123, 1119, 1124
LA ARAUCANÍA;VILLARRICA;Comunal;PRC;Instrumento de origen;Plan Regulador de Lican Ray;Vigente;20-06-1992;;;;Sin información;Sin información;;;Sin información;1116
VALPARAÍSO;CALERA;Comunal;PRC;Instrumento de origen;Plan Regulador Comunal de La Calera;Vigente;25-07-1992;;;;Sin información;Sin información;;;Sin información;398, 399, 545
AYSÉN DEL GENERAL CARLOS IBÁÑEZ DEL CAMPO;CISNES;Comunal;PRC;Instrumento de origen;Plan Regulador Comunal de Puerto Cisnes;Vigente;26-11-1992;;;;Sin información;Sin información;;;Sin información;1332, 1333, 1344
LOS LAGOS;PUYEHUE;Comunal;PRC;Instrumento de origen;Plan Regulador Comunal de Puyehue;Vigente;28-01-1993;;;;Sin información;Sin información;;;Sin información;1252, 1261, 3289
ÑUBLE;YUNGAY;Comunal;PRC;Instrumento de origen;Plan Regulador Comunal de Yungay;Vigente;06-04-1993;;;;Sin información;Sin información;;;Sin información;2426, 2459
COQUIMBO;ANDACOLLO;Comunal;PRC;Instrumento de origen;Plan Regulador Comunal_Andacollo;Vigente;28-04-1993;;;;Sin información;Sin información;;;Sin información;199, 200, 242, 2920, 2921
METROPOLITANA DE SANTIAGO;ISLA DE MAIPO;Comunal;PRC;Instrumento de origen;Plan Regulador Comunal de Isla de Maipo;Vigente;16-04-1994;;;;Sin información;Sin información;;;Sin información;2168, 1972, 1790, 1738, 1638, 2666
LA ARAUCANÍA;PUCON;Comunal;PRC;Instrumento de origen;Plan Regulador Comunal de Pucón;Vigente;06-05-1994;;;;Sin información;Sin información;;;Sin información;1160, 1172
TARAPACÁ;PICA;Comunal;PRC;Instrumento de origen;Plan Regulador Comunal de Pica y Matilla;Vigente;17-05-1994;;;;Sin información;Sin información;;;Sin información;28
METROPOLITANA DE SANTIAGO;LAS CONDES;Comunal;PRC;Instrumento de origen;Plan Regulador Comunal de Las Condes;Vigente;13-06-1995;;;;Sin información;Sin información;;;Sin información;2164, 1904, 1872, 2000, 2012, 2011, 2010, 2009, 2008, 2007, 2005, 2004, 2003, 2002, 2001, 1999, 1952, 2220, 1896, 2230, 2229, 2178, 1837, 1754, 1926, 2106, 2021, 2159, 1642, 1614, 2140, 1885, 1955, 2175, 2313, 3298
LIBERTADOR GENERAL BERNARDO O'HIGGINS;COLTAUCO;Comunal;PRC;Instrumento de origen;Plan Regulador Comunal de Coltauco_Localidades de Coltauco - El Almendro;Vigente;18-12-1995;;;;Sin información;Sin información;;;Sin información;
LIBERTADOR GENERAL BERNARDO O'HIGGINS;QUINTA DE TILCOCO;Comunal;PRC;Instrumento de origen;Plan Regulador Comunal de Quinta de Tilcoco;Vigente;18-12-1995;;;;Sin información;Sin información;;;Sin información;2652
LOS LAGOS;PUERTO OCTAY;Comunal;PRC;Instrumento de origen;Plan Regulador Comunal de Puerto Octay;Vigente;03-02-1996;;;;Sin información;Sin información;;;Sin información;1291
BIOBÍO;CONTULMO;Comunal;PRC;Instrumento de origen;Plan Secional Lago Lanalhue, comuna de Cañete y Contulmo;Vigente;25-03-1996;;;;Sin información;Sin información;;;Sin información;
LOS RÍOS;LAGO RANCO;Comunal;PRC;Instrumento de origen;Plan Regulador Comunal de Lago Ranco;Vigente;27-04-1996;;;;Sin información;Sin información;;;Sin información;2598, 2597, 2607
LOS LAGOS;ANCUD;Comunal;PRC;Instrumento de origen;Plan Regulador Comunal de Ancud;Vigente;22-08-1996;;;;Sin información;Sin información;;;Sin información;1238, 1271
LIBERTADOR GENERAL BERNARDO O'HIGGINS;PERALILLO;Comunal;PRC;Instrumento de origen;Plan Regulador Comunal de Peralillo;Vigente;26-11-1996;;;;Sin información;Sin información;;;Sin información;2631
LOS RÍOS;LOS LAGOS;Comunal;PRC;Instrumento de origen;Plan Regulador Comunal de Los Lagos;Vigente;31-12-1996;;;;Sin información;Sin información;;;Sin información;2558, 2612
LOS RÍOS;CORRAL;Comunal;PRC;Instrumento de origen;Plan Regulador Comunal de Corral;Vigente;21-04-1997;;;;Sin información;Sin información;;;Sin información;2604
LOS LAGOS;QUEILEN;Comunal;PRC;Instrumento de origen;Plan Regulador Comunal de Queilén;Vigente;06-06-1997;;;;Sin información;Sin información;;;Sin información;1309, 1257
AYSÉN DEL GENERAL CARLOS IBÁÑEZ DEL CAMPO;COYHAIQUE;Comunal;PRC;Instrumento de origen;Plan Regulador Comunal de Coyhaique;Vigente;29-09-1997;;;;Sin información;Sin información;;;Sin información;1313, 1315, 1316, 1317, 1319, 1320, 1321, 1342, 1310, 1311, 1312, 3190, 3192, 3193, 3191, 3194
LOS RÍOS;FUTRONO;Comunal;PRC;Instrumento de origen;Plan Regulador Comunal de Futrono;Vigente;03-12-1997;;;;Sin información;Sin información;;;Sin información;2605
ANTOFAGASTA;SAN PEDRO DE ATACAMA;Comunal;PRC;Instrumento de origen;Plan Regulador Comunal  San Pedro de Atacama;Vigente;21-09-1998;;;;Sin información;Sin información;;;Sin información;68, 107
VALPARAÍSO;ALGARROBO;Comunal;PRC;Instrumento de origen;Plan Regulador Comunal de Algarrobo;Vigente;20-10-1998;;;;Procede;No procede;;;No procede;417, 418, 552, 2999, 3044, 2957, 2956, 2804, 2806, 2734, 2735, 2805, 2681, 2676, 2675
LIBERTADOR GENERAL BERNARDO O'HIGGINS;SAN FERNANDO;Comunal;PRC;Instrumento de origen;Plan Regulador Comunal de San Fernando;Vigente;01-12-1998;;;;Sin información;Sin información;;;Sin información;2647
VALPARAÍSO;ZAPALLAR;Comunal;PRC;Instrumento de origen;Plan Regulador Comunal de Zapallar;Vigente;21-01-1999;;;;Procede;No procede;;;No procede;3164, 3163, 2940, 2860, 2862, 2861, 2756, 2757, 2687
VALPARAÍSO;CABILDO;Comunal;PRC;Instrumento de origen;Plan Regulador Comunal de Cabildo;Vigente;10-03-1999;;;;Sin información;Sin información;;;Sin información;523, 525, 538, 3048
BIOBÍO;ALTO BIO BIO;Comunal;PRC;Instrumento de origen;Plan Regulador Comunal Santa Bárbara Ralco;Vigente;01-04-1999;;;;Sin información;Sin información;;;Sin información;
BIOBÍO;SANTA BARBARA;Comunal;PRC;Instrumento de origen;Plan Regulador Comunal de Santa Bárbara y Ralco;Vigente;01-04-1999;;;;Sin información;Sin información;;;Sin información;986, 987
VALPARAÍSO;SAN FELIPE;Comunal;PRC;Instrumento de origen;Plan Regulador Comunal de San Felipe;Vigente;23-04-1999;;;;Procede;No procede;;;No procede;454, 455, 541, 3155, 2748, 2747
VALPARAÍSO;LLAILLAY;Comunal;PRC;Instrumento de origen;Plan Regulador Comunal de Llaillay;Vigente;29-04-1999;;;;Sin información;Sin información;;;Sin información;544
LOS LAGOS;QUINCHAO;Comunal;PRC;Instrumento de origen;Plan Regulador Comunal de Quinchao;Vigente;27-08-1999;;;;Sin información;Sin información;;;Sin información;1284, 1301
LOS LAGOS;CHONCHI;Comunal;PRC;Instrumento de origen;Plan Regulador Comunal de Chonchi;Vigente;23-12-1999;;;;Sin información;Sin información;;;Sin información;1270, 1299
METROPOLITANA DE SANTIAGO;VITACURA;Comunal;PRC;Instrumento de origen;Plan Regulador Comunal de Vitacura;Vigente;30-12-1999;;;;Sin información;Sin información;;;Sin información;2019, 1936, 1825, 2152, 2151, 2153, 1892, 1916, 1966, 1905, 1818, 1801, 1815, 1836, 1874, 1888, 1899, 1900, 1893, 1917, 1935, 1933, 1945, 1959, 1889, 1921, 1907, 1903, 1891, 1910, 1914, 1918, 1932, 1948, 1902, 1923, 1924, 1934, 1956, 1843, 1844, 1879, 1894, 1920, 1887, 1755, 1756, 1911, 1922, 1878, 1908, 1967, 1919, 1895, 1947, 1648, 1649, 1781, 1782, 1786, 2222, 2213, 2180
MAGALLANES Y ANTÁRTICA CHILENA;SAN GREGORIO;Comunal;PRC;Instrumento de origen;Plan Regulador Comunal de Punta Delgada, comuna San Gregorio;Vigente;01-02-2000;;;;Sin información;Sin información;;;Sin información;2617, 3076
ANTOFAGASTA;MEJILLONES;Comunal;PRC;Instrumento de origen;Plan Regulador Comunal del Puerto y Bahía de Mejillones;Vigente;11-11-2000;;;;No procede;No procede;;;No procede;94, 96, 97, 99, 2670, 90, 2667, 91, 92, 105, 98, 89
ANTOFAGASTA;TALTAL;Comunal;PRC;Instrumento de origen;Plan Regulador Comunal de Taltal;Vigente;31-05-2001;;;;Sin información;Sin información;;;Sin información;76, 77, 2665, 108, 75
AYSÉN DEL GENERAL CARLOS IBÁÑEZ DEL CAMPO;AYSEN;Comunal;PRC;Instrumento de origen;Plan Regulador Interurbano de Puerto Aysén - Puerto Chacabuco;Vigente;21-06-2001;;;;Sin información;Sin información;;;Sin información;3195
METROPOLITANA DE SANTIAGO;LA FLORIDA;Comunal;PRC;Instrumento de origen;Plan Regulador Comunal de La Florida;Vigente;17-08-2001;;;;Sin información;Sin información;;;Sin información;2132, 1689, 1971, 1993, 2137, 1854, 2080, 1797, 1687, 2024, 1957, 1862, 2111, 2117, 1937, 2020, 1680, 1757, 1758, 1764, 1814, 1961, 1940, 1864, 1641, 3274
ANTOFAGASTA;TOCOPILLA;Comunal;PRC;Instrumento de origen;Modificación Plan Regulador Comunal de Tocopilla;Vigente;17-11-2001;;;;No procede;No procede;;;No procede;83, 84, 85, 86, 2656
METROPOLITANA DE SANTIAGO;LA REINA;Comunal;PRC;Instrumento de origen;Plan Regulador Comunal de La Reina;Vigente;22-11-2001;;;;Sin información;Sin información;;;Sin información;1708, 1726, 1676, 1715, 2131, 1772, 1785, 1760
ÑUBLE;COBQUECURA;Comunal;PRC;Instrumento de origen;Plan Regulador Comunal de Cobquecura;Vigente;07-12-2001;;;;Sin información;Sin información;;;Sin información;2432
TARAPACÁ;ALTO HOSPICIO;Comunal;PRC;Instrumento de origen;Plan Seccional Alto Hospicio - Alto Molle (Zonificación);Vigente;31-01-2002;;;;No procede;No procede;;;No procede;17, 18, 19, 24
VALPARAÍSO;JUAN FERNANDEZ;Comunal;PRC;Instrumento de origen;PROMULGA ACTUALIZACIÓN DEL PLAN REGULADOR COMUNAL DE JUAN FERNÁNDEZ;Vigente;03-05-2002;;;;Procede;No procede;;;No procede;2807
MAGALLANES Y ANTÁRTICA CHILENA;PORVENIR;Comunal;PRC;Instrumento de origen;Plan Regulador Comunal de Porvenir;Vigente;09-07-2002;;;;Sin información;Sin información;;;Sin información;1385, 3028, 3022, 3027, 3020, 3029, 3031, 3024
ANTOFAGASTA;ANTOFAGASTA;Comunal;PRC;Instrumento de origen;Plan Regulador Comunal de Antofagasta;Vigente;17-07-2002;;;;No procede;No procede;;;No procede;40, 2649, 2650, 2629, 2640, 103
VALPARAÍSO;VILLA ALEMANA;Comunal;PRC;Instrumento de origen;Plan Regulador Comunal de Villa Alemana;Vigente;24-08-2002;;;;Procede;No procede;;;No procede;515, 516, 517, 518, 519, 520, 521, 522, 549, 2965, 2938, 2856, 2811
METROPOLITANA DE SANTIAGO;LO BARNECHEA;Comunal;PRC;Instrumento de origen;Plan Regulador Comunal de Lo Barnechea;Vigente;05-09-2002;;;;Sin información;Sin información;;;Sin información;2319, 1728, 1744, 2165, 1652, 2089, 1613, 1625, 1705, 1975, 1994, 2166, 1800, 1643, 1735, 1821, 1931, 1890, 2135, 2095, 2145, 1763, 2096, 2046, 1840, 1847, 1974, 1973, 2060, 2063, 1739, 2045, 1798, 2162, 2179, 2254
VALPARAÍSO;VIÑA DEL MAR;Comunal;PRC;Instrumento de origen;Plan Regulador Comunal de Viña del Mar;Vigente;13-12-2002;;;;Procede;No procede;;;No procede;340, 341, 345, 346, 348, 350, 349, 352, 351, 354, 355, 356, 357, 358, 359, 360, 361, 560, 323, 3008, 3007, 3003, 3006, 3005, 3002, 3004, 3161, 3160, 3162, 3114, 3115, 3116, 3113, 3110, 3111, 3112, 2989, 2988, 2939, 2857, 2859, 2858, 2833, 2835, 2834, 2836, 2832, 2831, 2673, 2755, 2754, 2686, 342, 343, 344, 347, 353
ATACAMA;COPIAPO;Comunal;PRC;Instrumento de origen;Plan Regulador Comunal de Copiapó;Vigente;17-12-2002;;;;Sin información;Sin información;;;Sin información;113, 112, 114, 115, 116, 117, 3262, 148, 152, 3239, 3240, 3241, 3242, 3243, 3235, 3236, 3245, 3244, 3246, 3247, 3237, 3248, 3249, 3250, 3238, 3251, 3253, 3252, 3256, 3254, 3255
LOS RÍOS;LA UNION;Comunal;PRC;Instrumento de origen;Plan Regulador Comunal de La Unión;Vigente;04-04-2003;;;;Sin información;Sin información;;;Sin información;2551, 2552, 2606
METROPOLITANA DE SANTIAGO;PUENTE ALTO;Comunal;PRC;Instrumento de origen;Plan Regulador Comunal de Puente Alto;Vigente;25-04-2003;;;;Sin información;Sin información;;;Sin información;1769, 1820, 2160, 2154, 1634, 2044, 2043, 2098, 1753, 1978, 3290
LOS RÍOS;LANCO;Comunal;PRC;Instrumento de origen;Plan Regulador Comunal de Lanco;Vigente;30-05-2003;;;;Sin información;Sin información;;;Sin información;2608
BIOBÍO;CHIGUAYANTE;Comunal;PRC;Instrumento de origen;Plan Regulador Comunal de Chiguayante;Vigente;04-07-2003;;;;No procede;No procede;;;No procede;882, 883, 884, 885, 886, 887, 888, 889, 890
VALPARAÍSO;LOS ANDES;Comunal;PRC;Instrumento de origen;Plan Regulador Comunal de Los Andes y Seccional Río Blanco;Vigente;29-08-2003;;;;Procede;No procede;;;No procede;3285, 371, 372, 540, 3063, 3065
VALPARAÍSO;SANTO DOMINGO;Comunal;PRC;Instrumento de origen;Plan Regulador Comunal de Santo Domingo;Vigente;11-11-2003;;;;Procede;No procede;;;No procede;444, 446, 447, 445, 448, 527, 555, 3156, 3157, 3103, 3102, 2749
LOS LAGOS;FRESIA;Comunal;PRC;Instrumento de origen;Plan Regulador Comunal de Fresia;Vigente;19-01-2004;;;;Sin información;Sin información;;;Sin información;1294
BIOBÍO;CONCEPCION;Comunal;PRC;Instrumento de origen;Plan Regulador Comunal de Concepción;Vigente;22-04-2004;;;;No procede;No procede;;;No procede;893, 895, 897, 899, 903, 904, 906, 905, 908, 902, 907
METROPOLITANA DE SANTIAGO;MACUL;Comunal;PRC;Instrumento de origen;Plan Regulador Comunal de Macul;Vigente;08-05-2004;;;;Sin información;Sin información;;;Sin información;2121, 1633, 2053, 1666, 1810, 2161, 1637, 1678, 1664, 1709, 1727, 1845, 2155, 1768, 1831, 3275, 2184, 2242
ANTOFAGASTA;OLLAGUE;Comunal;PRC;Instrumento de origen;Plano Regulador de la Comuna de Ollagüe;Vigente;19-06-2004;;;;No procede;No procede;;;No procede;106
METROPOLITANA DE SANTIAGO;LA CISTERNA;Comunal;PRC;Instrumento de origen;Plan Regulador Comunal de La Cisterna;Vigente;07-08-2004;;;;Sin información;Sin información;;;Sin información;2006, 2344, 2339
METROPOLITANA DE SANTIAGO;HUECHURABA;Comunal;PRC;Instrumento de origen;Plan Regulador Comunal de Huechuraba;Vigente;29-09-2004;;;;Sin información;Sin información;;;Sin información;1731, 1982, 1752, 1767, 2058, 1834, 1655, 1828, 1942, 1654, 1672, 2316, 3273, 2343, 2641, 2642
ANTOFAGASTA;CALAMA;Comunal;PRC;Instrumento de origen;Plan Regulador Comunal de Calama;Vigente;04-10-2004;;;;No procede;No procede;;;No procede;56, 57, 64, 65, 66, 104
LOS LAGOS;FRUTILLAR;Comunal;PRC;Instrumento de origen;Plan Regulador Comunal de Frutillar;Vigente;28-10-2004;;;;Sin información;Sin información;;;Sin información;1268
METROPOLITANA DE SANTIAGO;MAIPU;Comunal;PRC;Instrumento de origen;Plan Regulador Comunal de Maipú;Vigente;13-11-2004;;;;Sin información;Sin información;;;Sin información;1788, 2034, 2100, 1970, 2023, 1787, 1802, 2090, 1827, 2345
METROPOLITANA DE SANTIAGO;RECOLETA;Comunal;PRC;Instrumento de origen;Plan Regulador Comunal de Recoleta;Vigente;08-01-2005;;;;Sin información;Sin información;;;Sin información;1846, 1673, 1898, 2051, 1740, 3282, 2226
METROPOLITANA DE SANTIAGO;PADRE HURTADO;Comunal;PRC;Instrumento de origen;Plan Regulador Comunal de Padre Hurtado;Vigente;04-02-2005;;;;Sin información;Sin información;;;Sin información;1995, 2138, 1621, 1813, 1979, 1789, 1653, 1857, 1981, 1644, 2142, 2167, 3279, 2204
LIBERTADOR GENERAL BERNARDO O'HIGGINS;PICHILEMU;Comunal;PRC;Instrumento de origen;Plan Regulador Comunal de Pichilemu;Vigente;26-02-2005;;;;Sin información;Sin información;;;Sin información;663, 664, 665, 666, 760, 2654, 759
ATACAMA;CHAÑARAL;Comunal;PRC;Instrumento de origen;Plan Regulador Comunal de Chañaral;Vigente;13-04-2005;;;;Sin información;Sin información;;;Sin información;137, 153, 3260, 3259, 3261
VALPARAÍSO;EL TABO;Comunal;PRC;Instrumento de origen;Plan Regulador Comunal de El Tabo;Vigente;25-04-2005;;;;Procede;No procede;;;No procede;432, 435, 433, 437, 440, 561, 438, 2842, 2739, 439
LOS LAGOS;QUELLON;Comunal;PRC;Instrumento de origen;Plan Regulador Comunal de Quellón;Vigente;16-06-2005;;;;Sin información;Sin información;;;Sin información;1280, 1300
LIBERTADOR GENERAL BERNARDO O'HIGGINS;PEUMO;Comunal;PRC;Instrumento de origen;Plan Regulador de Peumo;Vigente;02-07-2005;;;;Sin información;Sin información;;;Sin información;
VALPARAÍSO;RINCONADA;Comunal;PRC;Instrumento de origen;Plan Regulador Comunal de Rinconada;Vigente;31-10-2005;;;;Sin información;Sin información;;;Sin información;
BIOBÍO;TALCAHUANO;Comunal;PRC;Instrumento de origen;Plan Regulador Comunal de Talcahuano;Vigente;31-01-2006;;;;No procede;No procede;;;No procede;991, 992, 993, 994, 995, 996, 1036, 997
METROPOLITANA DE SANTIAGO;SAN BERNARDO;Comunal;PRC;Instrumento de origen;Plan Regulador Comunal de San Bernardo;Vigente;13-06-2006;;;;Sin información;Sin información;;;Sin información;1716, 1984, 1886, 1829, 1939, 2086, 2085, 2084, 2312, 2655
VALPARAÍSO;SAN ANTONIO;Comunal;PRC;Instrumento de origen;Plan Regulador Comunal de San Antonio;Vigente;21-06-2006;;;;Procede;No procede;;;No procede;411, 3154, 3153, 2955, 2954, 2936, 2935, 2934, 2852, 2853, 2743, 2744, 2746, 2745
LOS LAGOS;CALBUCO;Comunal;PRC;Instrumento de origen;APRUEBA ACTUALIZACION AL PLAN REGULADOR COMUNAL DE CALBUCO;Vigente;24-07-2006;;;;Sin información;Sin información;;;Sin información;1274, 1293
LIBERTADOR GENERAL BERNARDO O'HIGGINS;SAN VICENTE;Comunal;PRC;Instrumento de origen;Plan Regulador Comunal de San Vicente;Vigente;27-09-2006;;;;Sin información;Sin información;;;Sin información;
LIBERTADOR GENERAL BERNARDO O'HIGGINS;PICHIDEGUA;Comunal;PRC;Instrumento de origen;Plan Regulador Comunal de Pichidegua;Vigente;25-10-2006;;;;Sin información;Sin información;;;Sin información;
BIOBÍO;SANTA JUANA;Comunal;PRC;Instrumento de origen;Plan Regulador Comunal de Santa Juana;Vigente;15-12-2006;;;;Sin información;Sin información;;;Sin información;989
ÑUBLE;RÁNQUIL;Comunal;PRC;Instrumento de origen;Plan Regulador Comunal de Ránquil;Vigente;21-12-2006;;;;Sin información;Sin información;;;Sin información;2442
METROPOLITANA DE SANTIAGO;PROVIDENCIA;Comunal;PRC;Instrumento de origen;Plan Regulador Comunal de Providencia;Vigente;23-01-2007;;;;Sin información;Sin información;;;Sin información;3300, 1617, 1729, 1698, 1732, 1817, 2113, 2071, 2107, 2122, 2032, 1795, 1616, 2616, 2618, 2619
BIOBÍO;LOS ANGELES;Comunal;PRC;Instrumento de origen;Plan Regulador Comunal de Los Ángeles;Vigente;01-03-2007;;;;No procede;No procede;;;No procede;951, 952, 954, 953
BIOBÍO;PENCO;Comunal;PRC;Instrumento de origen;Plan Regulador Comunal de Penco;Vigente;30-05-2007;;;;No procede;No procede;;;No procede;971, 972, 973, 974, 975, 976, 1015, 977
LOS LAGOS;CASTRO;Comunal;PRC;Instrumento de origen;Plan Regulador Comunal de Castro;Vigente;07-06-2007;;;;Sin información;Sin información;;;Sin información;1269, 1287, 1276, 1286, 1277, 3287
ÑUBLE;QUIRIHUE;Comunal;PRC;Instrumento de origen;Plan Regulador Comunal de Quirihue;Vigente;30-06-2007;;;;Sin información;Sin información;;;Sin información;2429, 2460
ÑUBLE;PORTEZUELO;Comunal;PRC;Instrumento de origen;Plan Regulador Comunal de Portezuelo;Vigente;30-06-2007;;;;Sin información;Sin información;;;Sin información;2440
BIOBÍO;FLORIDA;Comunal;PRC;Instrumento de origen;Plan Regulador Comunal de Florida;Vigente;17-11-2007;;;;No procede;No procede;;;No procede;924
LIBERTADOR GENERAL BERNARDO O'HIGGINS;MACHALI;Comunal;PRC;Instrumento de origen;Plan Regulador Comunal de Machalí_Localidades de Machalí y Coya;Vigente;05-12-2007;;;;Sin información;Sin información;;;Sin información;627, 628, 629, 630, 631, 632, 633, 735, 757, 758
ÑUBLE;QUILLÓN;Comunal;PRC;Instrumento de origen;Plan Regulador Comunal de Quillón;Vigente;17-12-2007;;;;Sin información;Sin información;;;Sin información;2413, 2414, 2457
BIOBÍO;LOS ALAMOS;Comunal;PRC;Instrumento de origen;Plan Regulador Comunal de Los Alamos;Vigente;12-03-2008;;;;Sin información;Sin información;;;Sin información;949, 1031
ÑUBLE;NINHUE;Comunal;PRC;Instrumento de origen;Plan Regulador Comunal de Ninhue;Vigente;01-07-2008;;;;Sin información;Sin información;;;Sin información;2437
LIBERTADOR GENERAL BERNARDO O'HIGGINS;PALMILLA;Comunal;PRC;Instrumento de origen;Plan Regulador Comunal de Palmilla;Vigente;28-08-2008;;;;Sin información;Sin información;;;Sin información;
LIBERTADOR GENERAL BERNARDO O'HIGGINS;COINCO;Comunal;PRC;Instrumento de origen;Plan Regulador Comunal de Coinco_Localidades de Coinco- Cruz de Chillehue y Copequén;Vigente;28-08-2008;;;;Sin información;Sin información;;;Sin información;
BIOBÍO;TOME;Comunal;PRC;Instrumento de origen;Plan Regulador Comunal de Tomé;Vigente;08-09-2008;;;;No procede;No procede;;;No procede;1004, 1005, 1006, 1012
BIOBÍO;LAJA;Comunal;PRC;Instrumento de origen;Plan Regulador Comunal de Laja;Vigente;16-10-2008;;;;No procede;No procede;;;No procede;942, 943, 944, 945
LIBERTADOR GENERAL BERNARDO O'HIGGINS;NAVIDAD;Comunal;PRC;Instrumento de origen;Plan Regulador Comunal de Navidad;Vigente;29-01-2009;;;;Sin información;Sin información;;;Sin información;
LIBERTADOR GENERAL BERNARDO O'HIGGINS;CHEPICA;Comunal;PRC;Instrumento de origen;Plan Regulador Comunal de Chépica_Localidades de Chépica y Auquinco;Vigente;11-02-2009;;;;Sin información;Sin información;;;Sin información;
LIBERTADOR GENERAL BERNARDO O'HIGGINS;RENGO;Comunal;PRC;Instrumento de origen;Plan Regulador Comunal de Rengo;Vigente;14-04-2009;;;;Sin información;Sin información;;;Sin información;701, 702, 703, 704, 705, 706, 707, 708, 709, 710, 711, 712, 713, 714, 715, 716, 739, 2651
BIOBÍO;LEBU;Comunal;PRC;Instrumento de origen;Plan Regulador Comunal de Lebu;Vigente;24-04-2009;;;;No procede;No procede;;;No procede;947
LA ARAUCANÍA;COLLIPULLI;Comunal;PRC;Instrumento de origen;Plan Regulador Comunal de Collipulli;Vigente;02-07-2009;;;;Sin información;Sin información;;;Sin información;1134
ARICA Y PARINACOTA;ARICA;Comunal;PRC;Instrumento de origen;Plan Regulador Comunal de Arica;Vigente;11-07-2009;;;;Procede;No procede;;;No procede;2513, 2537, 3042, 3046, 3051, 3053, 3054, 3055
BIOBÍO;NACIMIENTO;Comunal;PRC;Instrumento de origen;Plan Regulador Comunal de Nacimiento;Vigente;13-07-2009;;;;No procede;No procede;;;No procede;964, 965, 966, 1019
COQUIMBO;ILLAPEL;Comunal;PRC;Instrumento de origen;Plan Regulador Comunal de Illapel;Vigente;08-08-2009;;;;Sin información;Sin información;;;Sin información;212, 243, 2927
MAULE;CAUQUENES;Comunal;PRC;Instrumento de origen;Plan Regulador Comunal de Cauquenes;Vigente;04-09-2009;;;;No procede;No procede;;;No procede;796, 3292, 3228, 3229
VALPARAÍSO;PUCHUNCAVI;Comunal;PRC;Instrumento de origen;Plan Regulador Comunal de Puchuncaví;Vigente;05-09-2009;;;;Procede;No procede;;;No procede;314, 550, 526, 2843, 2844
ÑUBLE;ÑIQUÉN;Comunal;PRC;Instrumento de origen;Plan Regulador Comunal de Ñiquén;Vigente;24-09-2009;;;;Sin información;Sin información;;;Sin información;
BIOBÍO;YUMBEL;Comunal;PRC;Instrumento de origen;Plan Regulador Comunal de Yumbel;Vigente;11-11-2009;;;;Sin información;Sin información;;;Sin información;1037
BIOBÍO;CAÑETE;Comunal;PRC;Instrumento de origen;Plan Regulador Comunal de Cañete;Vigente;11-11-2009;;;;No procede;No procede;;;No procede;879, 880
LOS LAGOS;PUERTO MONTT;Comunal;PRC;Instrumento de origen;Plan Regulador Comunal de Puerto Montt;Vigente;12-11-2009;;;;Sin información;Sin información;;;Sin información;1278, 2664, 1295, 1281
ATACAMA;FREIRINA;Comunal;PRC;Instrumento de origen;Plan Regulador Comunal de Freirina;Vigente;14-12-2009;;;;Sin información;Sin información;;;Sin información;145, 149
LIBERTADOR GENERAL BERNARDO O'HIGGINS;LOLOL;Comunal;PRC;Instrumento de origen;Plan Regulador Comunal de Lolol;Vigente;17-12-2009;;;;Sin información;Sin información;;;Sin información;
ÑUBLE;EL CARMEN;Comunal;PRC;Instrumento de origen;Plan Regulador Comunal de El Carmen;Vigente;28-12-2009;;;;Sin información;Sin información;;;Sin información;
BIOBÍO;CABRERO;Comunal;PRC;Instrumento de origen;Plan Regulador Comunal de Cabrero;Vigente;28-12-2009;;;;No procede;No procede;;;No procede;875, 876, 1018
METROPOLITANA DE SANTIAGO;LO PRADO;Comunal;PRC;Instrumento de origen;Plan Regulador comunal de Lo Prado;Vigente;31-12-2009;;;;No procede;No procede;;;No procede;3264, 1883
LIBERTADOR GENERAL BERNARDO O'HIGGINS;LITUECHE;Comunal;PRC;Instrumento de origen;Plan Regulador Comunal de Litueche;Vigente;13-01-2010;;;;Sin información;Sin información;;;Sin información;736
LA ARAUCANÍA;TEMUCO;Comunal;PRC;Instrumento de origen;Plan Regulador Comunal de Temuco-Labranza;Vigente;02-02-2010;;;;Sin información;Sin información;;;Sin información;1058, 1059, 1057
ÑUBLE;SAN CARLOS;Comunal;PRC;Instrumento de origen;Plan Regulador Comunal de San Carlos;Vigente;03-02-2010;;;;Sin información;Sin información;;;Sin información;2445
ÑUBLE;COELEMU;Comunal;PRC;Instrumento de origen;Plan Regulador Comunal de Coelemu;Vigente;03-02-2010;;;;Sin información;Sin información;;;Sin información;2434
ATACAMA;CALDERA;Comunal;PRC;Instrumento de origen;Plan Regulador Comunal de Caldera;Vigente;13-02-2010;;;;Sin información;Sin información;;;Sin información;130, 131, 3197, 3258, 3257
LOS LAGOS;SAN PABLO;Comunal;PRC;Instrumento de origen;Plan Regulador Comunal de San Pablo;Vigente;18-03-2010;;;;Sin información;Sin información;;;Sin información;
METROPOLITANA DE SANTIAGO;COLINA;Comunal;PRC;Instrumento de origen;Plan Regulador Comunal de Colina;Vigente;26-03-2010;;;;Sin información;Sin información;;;Sin información;2171, 2170, 2172, 2173, 2174, 3268, 2284, 2285
BIOBÍO;SAN PEDRO DE LA PAZ;Comunal;PRC;Instrumento de origen;Plan Regulador Comunal de San Pedro de la Paz;Vigente;24-03-2011;;;;No procede;No procede;;;No procede;982, 983, 1022
LIBERTADOR GENERAL BERNARDO O'HIGGINS;CHIMBARONGO;Comunal;PRC;Instrumento de origen;Plan Regulador Comunal de Chimbarongo;Vigente;17-06-2011;;;;Sin información;Sin información;;;Sin información;
MAULE;CURICO;Comunal;PRC;Instrumento de origen;Plan Regulador Comunal de Curicó;Vigente;02-08-2011;;;;No procede;No procede;;;No procede;844, 2951, 852, 3263, 3206, 3203, 3205, 3200, 3204, 3199, 3198, 3201, 3202
METROPOLITANA DE SANTIAGO;TALAGANTE;Comunal;PRC;Instrumento de origen;Plan Regulador Comunal de Talagante;Vigente;04-08-2011;;;;Sin información;Sin información;;;Sin información;1651, 1976, 1880, 1816, 3284
MAULE;TALCA;Comunal;PRC;Instrumento de origen;Plan Regulador Comunal de Talca;Vigente;26-10-2011;;;;Sin información;Sin información;;;Sin información;780, 3296, 863, 3227, 3225, 3226
ATACAMA;DIEGO DE ALMAGRO;Comunal;PRC;Instrumento de origen;Plan Regulador Comunal de Diego de Almagro;Vigente;27-10-2011;;;;Sin información;Sin información;;;Sin información;154
LIBERTADOR GENERAL BERNARDO O'HIGGINS;MALLOA;Comunal;PRC;Instrumento de origen;Plan Regulador Comunal de Malloa_Localidades de Malloa y Pelequén;Vigente;05-04-2012;;;;Sin información;Sin información;;;Sin información;637
LA ARAUCANÍA;GORBEA;Comunal;PRC;Instrumento de origen;Plan Regulador Comunal de Gorbea;Vigente;24-07-2012;;;;Sin información;Sin información;;;Sin información;1081, 1169
LA ARAUCANÍA;RENAICO;Comunal;PRC;Instrumento de origen;PRC, localidad de Tijeral;Vigente;28-07-2012;;;;Sin información;Sin información;;;Sin información;
ÑUBLE;CHILLÁN VIEJO;Comunal;PRC;Instrumento de origen;Plan Regulador Comunal de Chillán Viejo;Vigente;20-08-2012;;;;Sin información;Sin información;;;Sin información;2401, 2402
BIOBÍO;TIRUA;Comunal;PRC;Instrumento de origen;Plan Regulador Comunal de Tirúa;Vigente;29-08-2012;;;;Sin información;Sin información;;;Sin información;998, 1000, 1001
LA ARAUCANÍA;TOLTEN;Comunal;PRC;Instrumento de origen;Plan Regulador Comunal de Toltén, localidades Queule y Villa O´Higgins.;Vigente;08-09-2012;;;;Procede;No procede;;;No procede;
MAULE;PELLUHUE;Comunal;PRC;Instrumento de origen;Plan Regulador Comunal de Pelluhue;Vigente;04-12-2012;;;;Procede;No procede;;;No procede;3299, 3230
METROPOLITANA DE SANTIAGO;LA GRANJA;Comunal;PRC;Instrumento de origen;Plan Regulador Comunal de La Granja;Vigente;27-12-2012;;;;Sin información;Sin información;;;Sin información;1960, 1841, 1997, 1985, 1624
BIOBÍO;ANTUCO;Comunal;PRC;Instrumento de origen;Plan Regulador Comunal de Antuco;Vigente;20-03-2013;;;;No procede;No procede;;;No procede;2659
BIOBÍO;CORONEL;Comunal;PRC;Instrumento de origen;Plan Regulador Comunal de Coronel;Vigente;22-04-2013;;;;No procede;No procede;;;No procede;911, 912, 913, 915, 914
METROPOLITANA DE SANTIAGO;CONCHALI;Comunal;PRC;Instrumento de origen;Plan Regulador Comunal de Conchalí;Vigente;04-05-2013;;;;Sin información;Sin información;;;Sin información;3269, 3270
ÑUBLE;SAN IGNACIO;Comunal;PRC;Instrumento de origen;Plan Regulador Comunal de San Ignacio;Vigente;10-05-2013;;;;Sin información;Sin información;;;Sin información;
MAULE;COLBUN;Comunal;PRC;Instrumento de origen;Plan Regulador Comunal de Colbún;Vigente;05-02-2014;;;;Procede;Procede;11-10-2012;20-11-2012;No procede;3212
VALPARAÍSO;CALLE LARGA;Comunal;PRC;Instrumento de origen;Plan Regulador Comunal de Calle Larga;Vigente;05-03-2014;;;;Procede;No procede;;;No procede;528, 3050
METROPOLITANA DE SANTIAGO;INDEPENDENCIA;Comunal;PRC;Instrumento de origen;Plan Regulador Comunal de Independencia;Vigente;20-03-2014;;;;Sin información;Sin información;;;Sin información;1770
LIBERTADOR GENERAL BERNARDO O'HIGGINS;PAREDONES;Comunal;PRC;Instrumento de origen;Plan Regulador Comunal de Paredones;Vigente;17-12-2014;;;;Sin información;Sin información;;;Sin información;
METROPOLITANA DE SANTIAGO;PAINE;Comunal;PRC;Instrumento de origen;Plan Regulador Comunal de Paine;Vigente;12-02-2015;;;;Sin información;Sin información;;;Sin información;1745, 2052, 3280
ÑUBLE;BULNES;Comunal;PRC;Instrumento de origen;Plan Regulador Comunal de Bulnes;Vigente;06-10-2015;;;;Sin información;Sin información;;;Sin información;
METROPOLITANA DE SANTIAGO;PIRQUE;Comunal;PRC;Instrumento de origen;Plan Regulador Comunal de Pirque;Vigente;23-12-2015;;;;Sin información;Sin información;;;Sin información;
LIBERTADOR GENERAL BERNARDO O'HIGGINS;LA ESTRELLA;Comunal;PRC;Instrumento de origen;Plan Regulador Comunal de La Estrella;Vigente;12-04-2016;;;;Sin información;Sin información;;;Sin información;
LIBERTADOR GENERAL BERNARDO O'HIGGINS;GRANEROS;Comunal;PRC;Instrumento de origen;Plan Regulador Comunal de Graneros_Localidades de Graneros y La Compañía;Vigente;02-07-2016;;;;Sin información;Sin información;;;Sin información;756, 755
ÑUBLE;CHILLÁN;Comunal;PRC;Instrumento de origen;Plan Regulador Comunal de Chillán;Vigente;21-07-2016;;;;Sin información;Sin información;;;Sin información;2397
MAULE;CUREPTO;Comunal;PRC;Instrumento de origen;Plan Regulador Comunal de Curepto;Vigente;23-09-2016;;;;Procede;Procede;13-06-2012;27-07-2012;No procede;786
MAULE;SAN JAVIER;Comunal;PRC;Instrumento de origen;Plan Regulador Comunal de San Javier;Vigente;07-11-2016;;;;Procede;Procede;29-08-2014;03-06-2015;No procede;
METROPOLITANA DE SANTIAGO;SAN MIGUEL;Comunal;PRC;Instrumento de origen;Plan Regulador Comunal de San Miguel;Vigente;25-11-2016;;;;Sin información;Sin información;;;Sin información;
COQUIMBO;OVALLE;Comunal;PRC;Instrumento de origen;Plan Regulador Comunal de Ovalle;Vigente;23-12-2016;;;;Sin información;Sin información;;;Sin información;240
MAGALLANES Y ANTÁRTICA CHILENA;PUNTA ARENAS;Comunal;PRC;Instrumento de origen;Plan Regulador Comunal de Punta Arenas;Vigente;28-12-2016;;;;Sin información;Sin información;;;Sin información;1382, 1388, 3085, 2919, 3075, 3062, 3073, 3074, 3064, 3069, 3068, 3066, 3072
BIOBÍO;HUALQUI;Comunal;PRC;Instrumento de origen;Plan Regulador Comunal de Hualqui;Vigente;25-03-2017;;;;No procede;No procede;;;No procede;
VALPARAÍSO;CONCON;Comunal;PRC;Instrumento de origen;Plan Regulador Comunal de Concón;Vigente;17-05-2017;;;;Procede;No procede;;;No procede;307, 308, 3000, 3061, 3060, 2986, 2958, 2959, 2840, 2841
MAULE;ROMERAL;Comunal;PRC;Instrumento de origen;Plan Regulador Comunal de Romeral;Vigente;25-05-2017;;;;Sin información;Sin información;;;Sin información;812, 846
MAULE;TENO;Comunal;PRC;Instrumento de origen;Plan Regulador Comunal de Teno;Vigente;04-10-2017;;;;Procede;Procede;22-09-2014;08-10-2015;No procede;
MAULE;LINARES;Comunal;PRC;Instrumento de origen;Plan Regulador Comunal de Linares;Vigente;04-12-2017;;;;Procede;Procede;13-12-2012;25-01-2013;No procede;825, 3213
VALPARAÍSO;SAN ESTEBAN;Comunal;PRC;Instrumento de origen;Plan Regulador Comunal de San Esteban;Vigente;21-06-2018;;;;Procede;No procede;;;No procede;
LIBERTADOR GENERAL BERNARDO O'HIGGINS;CODEGUA;Comunal;PRC;Instrumento de origen;Plan Regulador Comunal de Codegua_Localidades de Codegua y La Compañía;Vigente;29-08-2018;;;;Sin información;Sin información;;;Sin información;
LIBERTADOR GENERAL BERNARDO O'HIGGINS;MOSTAZAL;Comunal;PRC;Instrumento de origen;Plan Regulador Comunal de Mostazal;Vigente;26-10-2018;;;;Sin información;Sin información;;;Sin información;
MAULE;YERBAS BUENAS;Comunal;PRC;Instrumento de origen;Plan Regulador Comunal de Yerbas Buenas;Vigente;11-12-2018;;;;Procede;Procede;29-07-2013;31-01-2018;No procede;
MAULE;SAN CLEMENTE;Comunal;PRC;Instrumento de origen;Plan Regulador Comunal de San Clemente;Vigente;11-06-2019;;;;Procede;No procede;;;No procede;
COQUIMBO;COQUIMBO;Comunal;PRC;Instrumento de origen;Plan Regulador Comunal de Coquimbo (incluye Tongoy y Guanaqueros);Vigente;10-07-2019;;;;Sin información;Sin información;;;Sin información;244, 2917, 2918, 2915, 2916, 2914, 2913, 2970, 2985, 2971, 2976, 2973, 2979, 2967, 2982, 3034, 3036, 3038, 3041, 3037, 3040, 3052, 3039, 3086, 3047, 3049, 3087, 3043, 3088, 3091, 3089, 3090, 3094, 3092, 3093, 3095, 3096
COQUIMBO;PAIHUANO;Comunal;PRC;Instrumento de origen;Plan Regulador Comunal de Paihuano;Vigente;10-07-2019;;;;Procede;Procede;30-05-2012;14-03-2014;No procede;
MAULE;MAULE;Comunal;PRC;Instrumento de origen;Plan Regulador Comunal de Maule;Vigente;19-07-2019;;;;Procede;Procede;05-08-2014;08-10-2015;No procede;3224, 3231, 3232, 3233
VALPARAÍSO;QUILPUE;Comunal;PRC;Instrumento de origen;Plan Regulador Comunal de Quilpué;Vigente;26-07-2019;;;;Procede;No procede;;;No procede;500, 501, 3001, 3067, 3151, 3152, 3099, 3098, 3059, 3100, 3101, 3071, 3070, 3097, 2850, 2849, 2845, 2846, 2848, 2847, 2809, 2674, 2808, 2810, 2742, 2741
METROPOLITANA DE SANTIAGO;QUINTA NORMAL;Comunal;PRC;Instrumento de origen;Plan Regulador Comunal de Quinta Normal;Vigente;24-10-2019;;;;Sin información;Sin información;;;Sin información;3265, 2644, 3294, 3293
METROPOLITANA DE SANTIAGO;SAN JOAQUIN;Comunal;PRC;Instrumento de origen;Plan Regulador Comunal de San Joaquín;Vigente;06-11-2019;;;;Sin información;Sin información;;;Sin información;2657
METROPOLITANA DE SANTIAGO;CERRO NAVIA;Comunal;PRC;Instrumento de origen;Plan Regulador Comunal de Cerro Navia;Vigente;13-12-2019;;;;No procede;Procede;18-12-2012;03-10-2018;No procede;2332
COQUIMBO;LA HIGUERA;Comunal;PRC;Instrumento de origen;Plan Regulador Comunal de La Higuera;Vigente;29-04-2020;;;;Sin información;Sin información;;;Sin información;
COQUIMBO;COMBARBALA;Comunal;PRC;Instrumento de origen;Plan Regulador Comunal de Combarbala;Vigente;30-04-2020;;;;Sin información;Sin información;;;Sin información;
VALPARAÍSO;CASABLANCA;Comunal;PRC;Instrumento de origen;Plan Regulador Comunal de Casablanca;Vigente;16-10-2020;;;;Procede;No procede;;;No procede;524, 3045, 3056, 3057, 2736, 2737, 2677
COQUIMBO;LA SERENA;Comunal;PRC;Instrumento de origen;Plan Regulador Comunal de La Serena;Vigente;19-12-2020;;;;Sin información;Sin información;;;Sin información;233, 2901, 2909, 2907, 2910, 2911, 2912, 2906, 2908, 2904, 2903, 2905, 2902
METROPOLITANA DE SANTIAGO;PUDAHUEL;Comunal;PRC;Instrumento de origen;Plan Regulador Comunal de Pudahuel;Vigente;05-02-2021;;;;Sin información;Sin información;;;Sin información;3291
ATACAMA;HUASCO;Comunal;PRC;Instrumento de origen;Plan Regulador Comunal de Huasco;Vigente;13-02-2021;;;;Sin información;Sin información;;;Sin información;
COQUIMBO;VICUÑA;Comunal;PRC;Instrumento de origen;Plan Regulador Comunal de Vicuña;Vigente;19-02-2021;;;;Procede;Procede;11-10-2012;26-03-2015;No procede;
ANTOFAGASTA;SIERRA GORDA;Comunal;PRC;Instrumento de origen;Modificación Plan Regulador Comunal de Sierra Gorda;Vigente;19-06-2021;;;;Procede;Procede;09-10-2014;12-10-2017;No procede;
MAULE;PENCAHUE;Comunal;PRC;Instrumento de origen;Plan Regulador Comunal de Pencahue;Vigente;10-12-2021;;;;Procede;Procede;13-08-2014;11-12-2014;No procede;2668
METROPOLITANA DE SANTIAGO;RENCA;Comunal;PRC;Instrumento de origen;Plan Regulador Comunal de Renca;Vigente;22-02-2022;;;;Sin información;Sin información;;;Sin información;3297, 3234
BIOBÍO;CONTULMO;Comunal;PRC;Instrumento de origen;Plan Regulador Comunal de Contulmo;Vigente;22-03-2022;;;;Sin información;Sin información;;;Sin información;
LOS LAGOS;MAULLIN;Comunal;PRC;Instrumento de origen;Plan Regulador Comunal de Maullín;Vigente;19-07-2022;;;;Sin información;Sin información;;;Sin información;
COQUIMBO;RIO HURTADO;Comunal;PRC;Instrumento de origen;Plan Regulador Comunal de Río Hurtado;Vigente;26-09-2022;;;;Procede;Procede;18-04-2018;08-01-2020;No procede;
LA ARAUCANÍA;ANGOL;Comunal;PRC;Instrumento de origen;Plan Regulador Comunal de Angol;Vigente;14-10-2022;;;;Sin información;Sin información;;;Sin información;
LOS RÍOS;PAILLACO;Comunal;PRC;Instrumento de origen;Plan Regulador Comunal de Paillaco;Vigente;17-10-2022;;;;Sin información;Sin información;;;Sin información;
MAULE;MOLINA;Comunal;PRC;Instrumento de origen;Plan Regulador Comunal de Molina;Vigente;07-12-2022;;;;No procede;Procede;13-06-2012;13-07-2012;No procede;847, 2932, 2933, 3208, 3209, 3207
BIOBÍO;HUALPEN;Comunal;PRC;Instrumento de origen;Plan Regulador Comunal de Hualpén;Vigente;30-01-2023;;;;No procede;No procede;;;No procede;2660
LA ARAUCANÍA;RENAICO;Comunal;PRC;Instrumento de origen;Plan Regulador Comunal de Renaico;Vigente;18-02-2023;;;;Sin información;Sin información;;;Sin información;
VALPARAÍSO;PAPUDO;Comunal;PRC;Instrumento de origen;Plan Regulador Comunal de Papudo;Vigente;23-03-2023;;;;Sin información;Sin información;;;Sin información;
COQUIMBO;PUNITAQUI;Comunal;PRC;Instrumento de origen;Plan Regulador Comunal de Punitaqui;Vigente;23-05-2023;;;;Sin información;Sin información;;;Sin información;
MAULE;VILLA ALEGRE;Comunal;PRC;Instrumento de origen;Plan Regulador Comunal de Villa Alegre;Vigente;04-05-2024;;;;Procede;Procede;29-08-2014;23-06-2015;No procede;
LOS RÍOS;MAFIL;Comunal;PRC;Instrumento de origen;Plan Regulador Comunal de Máfil;Vigente;09-07-2024;;;;Sin información;Sin información;;;Sin información;
LIBERTADOR GENERAL BERNARDO O'HIGGINS;REQUINOA;Comunal;PRC;Instrumento de origen;Plan Regulador Comunal de Requínoa;Vigente;25-11-2024;;;;No procede;Procede;11-03-2020;30-09-2022;No procede;
TARAPACÁ;IQUIQUE;Comunal;PRC;Instrumento de origen;Actualización Plan Regulador Comunal de Iquique;Vigente;17-02-2025;;;;Sin información;Sin información;;;Sin información;
COQUIMBO;MONTE PATRIA;Comunal;PRC;Instrumento de origen;Actualización PRC Monte Patria.;Vigente;05-05-2025;;;;Sin información;Sin información;;;Sin información;
VALPARAÍSO;LIMACHE;Comunal;PRC;Instrumento de origen;ACTUALIZACIÓN DE PLAN REGULADOR COMUNAL DE LIMACHE;Vigente;08-05-2025;;;;Procede;Procede;12-08-2015;14-01-2021;No procede;
VALPARAÍSO;EL QUISCO;Comunal;PRC;Instrumento de origen;Plan Regulador Comunal de El Quisco;Vigente;22-05-2025;;;;Procede;No procede;;;No procede;
METROPOLITANA DE SANTIAGO;ESTACION CENTRAL;Comunal;PRC;Instrumento de origen;Plan Regulador Comunal de Estación Central;Vigente;15-07-2025;;;;No procede;Procede;31-01-2020;09-12-2024;No procede;
LOS LAGOS;PUERTO VARAS;Comunal;PRC;Instrumento de origen;Actualización PRC Puerto Varas;Vigente;24-07-2025;;24-07-2025;;Procede;Procede;15-04-2015;25-07-2022;No procede;1297
LA ARAUCANÍA;NUEVA IMPERIAL;Comunal;PRC;Instrumento de origen;Actualización PRC Nueva Imperial;Vigente;26-07-2025;;26-07-2025;;Procede;Procede;01-12-2011;08-05-2018;No procede;
METROPOLITANA DE SANTIAGO;PEDRO AGUIRRE CERDA;Comunal;PRC;Instrumento de origen;Plan Regulador Comunal de Pedro Aguirre Cerda;Vigente;26-08-2025;;26-08-2025;;Procede;Procede;13-08-2021;07-07-2025;No procede;
METROPOLITANA DE SANTIAGO;LO BARNECHEA;Comunal;PRC;Instrumento de origen;PRC Lo Barnechea - Actualización;Vigente;30-10-2025;;30-10-2025;;No procede;Procede;27-09-2019;16-10-2024;No procede;
METROPOLITANA DE SANTIAGO;LO PRADO;Comunal;PRC;Instrumento de origen;Actualización Plan Regulador Comunal de Lo Prado;Vigente;17-12-2025;;;;No procede;Procede;11-11-2021;19-12-2024;No procede;
COQUIMBO;COQUIMBO;Comunal;PRC;Instrumento de origen;Plan Regulador Comunal de Coquimbo, incluye localidades de Tongoy y Guanaqueros;Vigente;05-01-2026;;05-01-2026;;No procede;Procede;13-04-2022;23-07-2025;No procede;
VALPARAÍSO;LOS ANDES;Comunal;PRC;Instrumento de origen;MODIFICACIÓN INTEGRAL DEL PLAN REGULADOR COMUNAL DE LOS ANDES;Vigente;22-01-2026;;;;Procede;Procede;06-04-2017;11-01-2018;No procede;
VALPARAÍSO;ISLA DE PASCUA;Comunal;PRC;Instrumento de origen;Actualización Plan Regulador Comunal de Isla de Pascua;Vigente;04-02-2026;;;;Procede;Procede;14-06-2016;11-05-2022;Procede;
LA ARAUCANÍA;TOLTEN;Comunal;PRC;Instrumento de origen;Plan Regulador Comunal Toltén, localidades de Nueva Toltén y Villa Los Boldos;Vigente;29-05-2026;;;;Procede;Procede;24-10-2012;01-08-2013;No procede;
VALPARAÍSO;CARTAGENA;Comunal;PRC;Instrumento de origen;Plan Regulador Comunal de Cartagena;Vigente;29-07-2026;;;;Procede;No procede;;;Sin información;423, 554
COQUIMBO;CANELA;Comunal;PRC;Instrumento de origen;Formulación PRC Canela, localidades Canela Baja, Canela Alta, Mincha Sur, Huentelauquen Norte y Sur.;En Desarrollo;;;11-05-2023;;Procede;Procede;02-03-2015;;No procede;
METROPOLITANA DE SANTIAGO;LA PINTANA;Comunal;PRC;Instrumento de origen;Plan Regulador Comunal de La Pintana;En Desarrollo;;;05-02-2026;;No procede;Procede;20-01-2025;;No procede;
METROPOLITANA DE SANTIAGO;EL MONTE;Comunal;PRC;Instrumento de origen;Plan Regulador Comunal de El Monte;En Desarrollo;;;20-01-2023;;No procede;Procede;20-01-2023;;No procede;
METROPOLITANA DE SANTIAGO;MARIA PINTO;Comunal;PRC;Instrumento de origen;PRC María Pinto;En Desarrollo;;;;;Sin información;Sin información;;;Sin información;
METROPOLITANA DE SANTIAGO;PROVIDENCIA;Comunal;PRC;Instrumento de origen;Modificación N°9 al Plan Regulador Comunal de Providencia;En Desarrollo;;;30-06-2026;;No procede;No procede;;;No procede;
METROPOLITANA DE SANTIAGO;SAN JOSE DE MAIPO;Comunal;PRC;Instrumento de origen;Plan Regulador Comunal de San José de Maipo;En Desarrollo;;;20-05-2016;;No procede;Procede;20-05-2016;26-10-2018;No procede;
LIBERTADOR GENERAL BERNARDO O'HIGGINS;NANCAGUA;Comunal;PRC;Instrumento de origen;Plan Regulador Comunal De Nancagua;En Desarrollo;;;06-06-2023;;Procede;Procede;;;No procede;
LIBERTADOR GENERAL BERNARDO O'HIGGINS;PUMANQUE;Comunal;PRC;Instrumento de origen;Plan Regulador Comunal de Pumanque;En Desarrollo;;;26-03-2019;;Procede;Procede;;;No procede;
LIBERTADOR GENERAL BERNARDO O'HIGGINS;MARCHIHUE;Comunal;PRC;Instrumento de origen;Plan Regulador Comunal de Marchigüe;En Desarrollo;;;11-02-2019;;Procede;Procede;;;No procede;
MAULE;HUALAÑE;Comunal;PRC;Instrumento de origen;Plan Regulador Comunal de Hualañé;En Desarrollo;;;13-06-2012;;Procede;Procede;13-06-2012;;No procede;
MAULE;VICHUQUEN;Comunal;PRC;Instrumento de origen;Plan Regulador Comunal de Vichuquen;En Desarrollo;;;19-03-2019;;Procede;Procede;11-06-2012;;No procede;
MAULE;PELARCO;Comunal;PRC;Instrumento de origen;Plan Regulador Comunal de Pelarco;En Desarrollo;;;11-03-2025;;Procede;Procede;11-01-2021;03-12-2024;No procede;
MAULE;CONSTITUCION;Comunal;PRC;Instrumento de origen;Actualización Plan Regulador Comunal de Constitución;En Desarrollo;;;24-01-2025;;No procede;Procede;24-01-2025;;No procede;864
MAULE;SAN RAFAEL;Comunal;PRC;Instrumento de origen;Plan Regulador Comunal de San Rafael;En Desarrollo;;;17-02-2025;;Procede;Procede;13-01-2021;05-02-2025;No procede;
BIOBÍO;SAN ROSENDO;Comunal;PRC;Instrumento de origen;PRC San Rosendo;En Desarrollo;;;07-05-2024;;Procede;Procede;;;Procede;
BIOBÍO;QUILACO;Comunal;PRC;Instrumento de origen;PRC Quilaco;En Desarrollo;;;22-06-2023;;Procede;Procede;;;Procede;
LA ARAUCANÍA;PUREN;Comunal;PRC;Instrumento de origen;Plan Regulador Comunal de Purén;En Desarrollo;;;18-10-2023;;No procede;No procede;;;No procede;
LA ARAUCANÍA;CUNCO;Comunal;PRC;Instrumento de origen;Plan Regulador Comunal de Cunco;En Desarrollo;;;28-01-2013;;No procede;No procede;;;No procede;
LA ARAUCANÍA;GALVARINO;Comunal;PRC;Instrumento de origen;Plan Regulador Comunal de Galvarino;En Desarrollo;;;30-07-2013;;No procede;No procede;;;No procede;
LA ARAUCANÍA;LUMACO;Comunal;PRC;Instrumento de origen;Plan Regulador Comunal de Lumaco;En Desarrollo;;;17-12-2021;;No procede;No procede;;;No procede;
LA ARAUCANÍA;CURARREHUE;Comunal;PRC;Instrumento de origen;Plan Regulador Comunal de Curarrehue;En Desarrollo;;;28-03-2022;;Procede;Procede;;;Procede;
LOS RÍOS;MARIQUINA;Comunal;PRC;Instrumento de origen;Plan Regulador Comunal de Mariquina;En Desarrollo;;;23-11-2018;;Procede;Procede;29-10-2018;;Procede;
LOS LAGOS;CHAITEN;Comunal;PRC;Instrumento de origen;Plan Regulador Comunal Chaiten;En Desarrollo;;;25-04-2023;;Procede;Procede;17-12-2021;;No procede;
LOS LAGOS;CURACO DE VELEZ;Comunal;PRC;Instrumento de origen;Plan Regulador Comunal de Curaco de Velez;En Desarrollo;;;06-12-2024;;Procede;Procede;18-01-2018;;No procede;
LOS LAGOS;FUTALEUFU;Comunal;PRC;Instrumento de origen;Plan Regulador Comunal de Futaleufu;En Desarrollo;;;08-11-2023;;Procede;Procede;16-11-2021;;Procede;
LOS LAGOS;COCHAMO;Comunal;PRC;Instrumento de origen;Plan Regulador Comunal de Cochamo;En Desarrollo;;;30-06-2020;;Procede;Procede;19-11-2014;;No procede;
LOS LAGOS;QUEMCHI;Comunal;PRC;Instrumento de origen;Plan Regulador Comunal de Quemchi;En Desarrollo;;;30-06-2020;;Procede;Procede;26-03-2014;;No procede;
LOS LAGOS;HUALAIHUE;Comunal;PRC;Instrumento de origen;Plan Regulador Comunal Hualaihue;En Desarrollo;;;14-12-2022;;Procede;Procede;09-12-2021;;Procede;
AYSÉN DEL GENERAL CARLOS IBÁÑEZ DEL CAMPO;O HIGGINS;Comunal;PRC;Instrumento de origen;Plan Regulador Comunal de O'Higgins;En Desarrollo;;;23-06-2025;;Procede;Procede;;;Procede;
AYSÉN DEL GENERAL CARLOS IBÁÑEZ DEL CAMPO;CHILE CHICO;Comunal;PRC;Instrumento de origen;Plan Regulador Comunal de Chile Chico;En Desarrollo;;;01-07-2025;;Procede;Procede;;;No procede;
AYSÉN DEL GENERAL CARLOS IBÁÑEZ DEL CAMPO;GUAITECAS;Comunal;PRC;Instrumento de origen;Plan Regulador Comunal de Guaitecas;En Desarrollo;;;24-10-2013;;Procede;Procede;;;No procede;
MAGALLANES Y ANTÁRTICA CHILENA;PRIMAVERA;Comunal;PRC;Instrumento de origen;Plan Regulador Comunal de Primavera;En Desarrollo;;;21-09-2018;;Procede;Procede;25-01-2017;19-04-2018;Procede;
MAGALLANES Y ANTÁRTICA CHILENA;TIMAUKEL;Comunal;PRC;Instrumento de origen;Plan Regulador Comunal de Timaukel;En Desarrollo;;;14-05-2024;;Procede;Procede;21-07-2021;25-01-2024;Procede;
LOS RÍOS;FUTRONO;Comunal;PRC;Instrumento de origen;APRUEBA ANTEPROYECTO DEL PLANO OFICIAL Y ORDENANZA LOCAL DE URBANIZACION DE FUTRONO;Derogado;04-02-1949;;;;Sin información;Sin información;;;Sin información;2543
METROPOLITANA DE SANTIAGO;SAN MIGUEL;Comunal;PRC;Instrumento de origen;PRC de San Miguel - vigente para PAC;Derogado;12-07-1951;;;;Sin información;Sin información;;;Sin información;1623, 2103, 1912, 1822
LOS LAGOS;ANCUD;Comunal;PRC;Instrumento de origen;APRUEBA EL PLAN REGULADOR Y LA ORDENANZA LOCAL DE ANCUD;Derogado;05-06-1961;;;;Sin información;Sin información;;;Sin información;1196, 1189
COQUIMBO;LA SERENA;Comunal;PRC;Instrumento de origen;Plan Regulador Comunal La Serena;Derogado;13-10-1964;;;;Sin información;Sin información;;;Sin información;163, 164, 165, 161
METROPOLITANA DE SANTIAGO;MAIPU;Comunal;PRC;Instrumento de origen;Promulga PRC de Maipú y contiene a la actual comuna de Cerrillos;Derogado;30-10-1965;;;;Sin información;Sin información;;;Sin información;1861, 2259
LA ARAUCANÍA;VICTORIA;Comunal;PRC;Instrumento de origen;Plan Regulador Comunal de Victoria;Derogado;22-12-1965;;;;Sin información;Sin información;;;Sin información;1155, 1154
VALPARAÍSO;CABILDO;Comunal;PRC;Instrumento de origen;Plan Regulador Comunal de Cabildo;Derogado;05-01-1966;;;;Sin información;Sin información;;;Sin información;
LA ARAUCANÍA;PITRUFQUEN;Comunal;PRC;Instrumento de origen;APRUEBA PLANO REGULADOR Y ORDENANZA LOCAL DE PITRUFQUÉN;Derogado;10-01-1966;;;;Sin información;Sin información;;;Sin información;
METROPOLITANA DE SANTIAGO;MAIPU;Comunal;PRC;Instrumento de origen;Plan Regulador Comunal de Maipú;Derogado;30-10-1966;;;;Sin información;Sin información;;;Sin información;1808, 1871, 2148, 1697, 2067, 2092, 2061, 2163, 1702, 2059, 2114, 1998, 2025, 1977, 1909, 1833, 1811, 1706, 2047, 2104, 2068, 1629, 1773, 1983, 1693, 2029, 1686, 1876, 2035, 2016, 1749, 2033
METROPOLITANA DE SANTIAGO;ÑUÑOA;Comunal;PRC;Instrumento de origen;Plan Regulador Comunal de Ñuñoa;Derogado;23-06-1967;;;;Sin información;Sin información;;;Sin información;
METROPOLITANA DE SANTIAGO;MACUL;Comunal;PRC;Instrumento de origen;Plan Regulador Comunal de Ñuñoa;Derogado;23-06-1967;;;;Sin información;Sin información;;;Sin información;1696, 2141, 1747, 2125, 2200, 2182
METROPOLITANA DE SANTIAGO;PEÑALOLEN;Comunal;PRC;Instrumento de origen;Plan Regulador Comunal de Ñuñoa;Derogado;23-06-1967;;;;Sin información;Sin información;;;Sin información;2042
METROPOLITANA DE SANTIAGO;LA FLORIDA;Comunal;PRC;Instrumento de origen;Plan Regulador Comunal de La Florida;Derogado;20-09-1968;;;;Sin información;Sin información;;;Sin información;2225, 2183, 2269, 2188, 2275, 1724, 2203, 2195, 2276, 2202, 2274, 1990
VALPARAÍSO;PAPUDO;Comunal;PRC;Instrumento de origen;APRUEBA PLAN REGULADOR COMUNAL DE PAPUDO;Derogado;08-03-1969;;;;Sin información;Sin información;;;Sin información;385
VALPARAÍSO;EL QUISCO;Comunal;PRC;Instrumento de origen;PLAN REGULADOR DE LA COMUNA DE EL QUISCO - SECCIONAL ENTREPLAYAS;Derogado;13-06-1969;;;;Sin información;Sin información;;;Sin información;425
LA ARAUCANÍA;PITRUFQUEN;Comunal;PRC;Instrumento de origen;PROMULGA PLAN REGULADOR COMUNA DE PITRUFQUEN;Derogado;12-09-1969;;;;Sin información;Sin información;;;Sin información;
MAULE;SAN CLEMENTE;Comunal;PRC;Instrumento de origen;APRUEBA PLAN REGULADOR QUE INDICA;Derogado;09-04-1970;;;;Sin información;Sin información;;;Sin información;
AYSÉN DEL GENERAL CARLOS IBÁÑEZ DEL CAMPO;AYSEN;Comunal;PRC;Instrumento de origen;DEJA SIN EFECTO DECRETO QUE MENCIONA Y DEROGA DECRETO QUE SEÑALA APRUEBA PLANO REGULADOR Y LIMITE URBANO QUE INDICA;Derogado;22-02-1971;;;;Sin información;Sin información;;;Sin información;
METROPOLITANA DE SANTIAGO;PUDAHUEL;Comunal;PRC;Instrumento de origen;APRUEBA PLANO REGULADOR, COMUNA DE LAS BARRANCAS;Derogado;05-07-1971;;;;Sin información;Sin información;;;Sin información;1711, 2062, 1991, 1873
ARICA Y PARINACOTA;ARICA;Comunal;PRC;Instrumento de origen;APRUEBA PLANO REGULADOR ORDENANZA LOCAL Y FIJA LIMITES URBANOS DE ARICA;Derogado;12-08-1971;;;;Sin información;Sin información;;;Sin información;2473, 2472, 2474, 2475, 2483, 2481, 2486, 2487, 2488, 2489, 2490, 2491, 2492, 2493, 2496, 2497, 2498, 2499, 2500, 2501, 2502, 2503, 2505, 2506, 2508, 2507, 2509, 2510, 2511, 2512, 2514, 2515, 2516, 2517, 2519, 2521, 2520, 2518, 2522
LOS LAGOS;CALBUCO;Comunal;PRC;Instrumento de origen;APRUEBA NUEVO PLAN REGULADOR DE LA CIUDAD DE CALBUCO Y SU ORDENANZA LOCAL DE CONSTRUCCION Y URBANIZACION;Derogado;30-04-1974;;;;Sin información;Sin información;;;Sin información;1192
METROPOLITANA DE SANTIAGO;PROVIDENCIA;Comunal;PRC;Instrumento de origen;Plan Regulador Comunal de Providencia;Derogado;24-01-1976;;;;Sin información;Sin información;;;Sin información;1603, 1946, 1851, 1938, 1943, 1741, 1628, 1783, 2054, 2078, 1733, 2079, 1780, 1963, 1927, 2139, 1930, 1929, 1877
METROPOLITANA DE SANTIAGO;SAN BERNARDO;Comunal;PRC;Instrumento de origen;"APRUEBA PLAN REGULADOR COMUNAL DE SAN BERNARDO Y SU CORRESPONDIENTE ORDENANZA LOCAL, FIJA NUEVOS LIMITES URBANOS Y APRUEBA PLANOS SECCIONALES ""LO MORENO"" Y ""ZONA INDUSTRIAL""";Derogado;06-10-1976;;;;Sin información;Sin información;;;Sin información;
METROPOLITANA DE SANTIAGO;SAN BERNARDO;Comunal;PRC;Instrumento de origen;"APRUEBA PLAN REGULADOR COMUNAL DE SAN BERNARDO Y SU CORRESPONDIENTE ORDENANZA LOCAL, FIJA NUEVOS LIMITES URBANOS Y APRUEBA PLANOS SECCIONALES ""LO MORENO"" Y ""ZONA INDUSTRIAL""";Derogado;06-10-1976;;;;Sin información;Sin información;;;Sin información;
METROPOLITANA DE SANTIAGO;SAN BERNARDO;Comunal;PRC;Instrumento de origen;PRC de San Bernardo;Derogado;06-10-1976;;;;Sin información;Sin información;;;Sin información;2109, 2265
LIBERTADOR GENERAL BERNARDO O'HIGGINS;RENGO;Comunal;PRC;Instrumento de origen;"APRUEBA PLAN REGULADOR DE RENGO, PARA LAS LOCALIDADES DE RENGO Y ROSARIO Y SUS RESPECTIVAS ORDENANZAS LOCALES DE CONSTRUCCIONES Y URBANIZACION; FIJA LIMITES URBANOS Y DESTINO DE USO DE SUELO";Derogado;14-12-1978;;;;Sin información;Sin información;;;Sin información;696
COQUIMBO;COQUIMBO;Comunal;PRC;Instrumento de origen;APRUEBA PLAN REGULADOR DEL BALNEARIO DE GUANAQUEROS Y SU CORRESPONDIENTE ORDENANZA LOCAL DE CONSTRUCCIONES Y URBANIZACION, FIJA LIMITES URBANOS Y SEÑALA DESTINO DE USO DE SUELO;Derogado;27-12-1978;;;;Sin información;Sin información;;;Sin información;
VALPARAÍSO;VIÑA DEL MAR;Comunal;PRC;Instrumento de origen;APRUEBA PLAN REGULADOR COMUNAL DE VIÑA DEL MAR;Derogado;17-12-1980;;;;Sin información;Sin información;;;Sin información;318, 319, 320, 321, 322, 324, 325, 326, 327, 329, 331, 332, 333, 334, 335, 336, 337, 338
LIBERTADOR GENERAL BERNARDO O'HIGGINS;MACHALI;Comunal;PRC;Instrumento de origen;APRUEBA PLAN REGULADOR COMUNAL DE MACHALÍ;Derogado;27-12-1980;;;;Sin información;Sin información;;;Sin información;622, 625
METROPOLITANA DE SANTIAGO;LA REINA;Comunal;PRC;Instrumento de origen;APRUEBA PLAN REGULADOR DE LA REINA;Derogado;26-10-1981;;;;Sin información;Sin información;;;Sin información;2065, 2064, 2073
LOS RÍOS;LA UNION;Comunal;PRC;Instrumento de origen;APRUEBA PLAN REGULADOR COMUNAL DE LA UNION;Derogado;26-06-1982;;;;Sin información;Sin información;;;Sin información;2547, 2548, 2549
BIOBÍO;HUALPEN;Comunal;PRC;Instrumento de origen;Plan Regulador Comunal de Talcahuano;Derogado;06-07-1982;;;;Sin información;Sin información;;;Sin información;926
BIOBÍO;TALCAHUANO;Comunal;PRC;Instrumento de origen;APRUEBA PLAN REGULADOR COMUNAL DE TALCAHUANO;Derogado;06-07-1982;;;;Sin información;Sin información;;;Sin información;
LIBERTADOR GENERAL BERNARDO O'HIGGINS;PICHILEMU;Comunal;PRC;Instrumento de origen;APRUEBA PLAN REGULADOR COMUNAL DE PICHILEMU;Derogado;17-11-1982;;;;Sin información;Sin información;;;Sin información;660, 661
METROPOLITANA DE SANTIAGO;CONCHALI;Comunal;PRC;Instrumento de origen;APRUEBA PLAN REGULADOR COMUNAL DE CONCHALÍ;Derogado;02-07-1983;;;;Sin información;Sin información;;;Sin información;1882
ÑUBLE;BULNES;Comunal;PRC;Instrumento de origen;APRUEBA PLAN REGULADOR COMUNAL DE BULNES;Derogado;05-09-1983;;;;Sin información;Sin información;;;Sin información;
LA ARAUCANÍA;TEMUCO;Comunal;PRC;Instrumento de origen;APRUEBA PLAN REGULADOR COMUNAL DE TEMUCO;Derogado;08-09-1983;;;;Sin información;Sin información;;;Sin información;1053, 1045, 1046, 1061, 1044, 1062, 1043, 1051, 1047, 1050, 1056, 1049, 1052, 1048, 1060
METROPOLITANA DE SANTIAGO;LA CISTERNA;Comunal;PRC;Instrumento de origen;PRC de La Cisterna;Derogado;18-10-1983;;;;Sin información;Sin información;;;Sin información;1812
LOS LAGOS;FRUTILLAR;Comunal;PRC;Instrumento de origen;APRUEBA PLAN REGULADOR COMUNAL DE FRUTILLAR;Derogado;05-11-1983;;;;Sin información;Sin información;;;Sin información;1223, 1224, 1225, 1227, 1194
VALPARAÍSO;JUAN FERNANDEZ;Comunal;PRC;Instrumento de origen;APRUEBA PLAN REGULADOR COMUNAL DE JUAN FERNANDEZ - CENTRO POBLADO DE ROBINSON CRUSOE;Derogado;14-11-1983;;;;Sin información;Sin información;;;Sin información;363
COQUIMBO;OVALLE;Comunal;PRC;Instrumento de origen;ASIGNA NUEVAS NORMAS URBANÍSTICAS A LAS ÁREAS APLICABLES;Derogado;22-02-1984;;;;Sin información;Sin información;;;Sin información;
VALPARAÍSO;LOS ANDES;Comunal;PRC;Instrumento de origen;APRUEBA PLAN REGULADOR COMUNAL DE LOS ANDES;Derogado;17-03-1984;;;;Sin información;Sin información;;;Sin información;368, 369
VALPARAÍSO;RINCONADA;Comunal;PRC;Instrumento de origen;APRUEBA PLAN REGULADOR COMUNAL DE RINCONADA;Derogado;24-05-1984;;;;Sin información;Sin información;;;Sin información;
COQUIMBO;COQUIMBO;Comunal;PRC;Instrumento de origen;APRUEBA PLAN REGULADOR COMUNAL DE COQUIMBO;Derogado;26-05-1984;;;;Sin información;Sin información;;;Sin información;189, 190, 191, 194, 195
COQUIMBO;ILLAPEL;Comunal;PRC;Instrumento de origen;APRUEBA NUEVO PLAN REGULADOR COMUNAL DE ILLAPEL;Derogado;16-08-1984;;;;Sin información;Sin información;;;Sin información;209, 210
VALPARAÍSO;SAN ANTONIO;Comunal;PRC;Instrumento de origen;APRUEBA PLAN REGULADOR COMUNAL DE SAN ANTONIO;Derogado;27-08-1984;;;;Sin información;Sin información;;;Sin información;405, 406, 407, 408
LIBERTADOR GENERAL BERNARDO O'HIGGINS;NAVIDAD;Comunal;PRC;Instrumento de origen;DS 121 Aprueba PRC Navidad y Localidad de boca de rapel;Derogado;24-09-1984;;;;Sin información;Sin información;;;Sin información;
ANTOFAGASTA;MEJILLONES;Comunal;PRC;Instrumento de origen;Plan Regulador Comunal de Mejillones;Derogado;09-10-1984;;;;Sin información;Sin información;;;Sin información;93
VALPARAÍSO;CALLE LARGA;Comunal;PRC;Instrumento de origen;PRUEBA PLAN REGULADOR COMUNAL DE CALLE LARGA;Derogado;02-11-1984;;;;Sin información;Sin información;;;Sin información;
VALPARAÍSO;ZAPALLAR;Comunal;PRC;Instrumento de origen;APRUEBA NUEVO PLAN REGULADOR COMUNAL DE ZAPALLAR;Derogado;06-12-1984;;;;Sin información;Sin información;;;Sin información;388, 389
VALPARAÍSO;EL TABO;Comunal;PRC;Instrumento de origen;APRUEBA PLAN REGULADOR COMUNAL DE EL TABLO;Derogado;12-12-1984;;;;Sin información;Sin información;;;Sin información;430
VALPARAÍSO;ALGARROBO;Comunal;PRC;Instrumento de origen;APRUEBA PLAN REGULADOR COMUNAL DE SAN ANTONIO;Derogado;19-12-1984;;;;Sin información;Sin información;;;Sin información;414
METROPOLITANA DE SANTIAGO;RENCA;Comunal;PRC;Instrumento de origen;Plan Regulador Comunal de Renca;Derogado;12-02-1985;;;;Sin información;Sin información;;;Sin información;1640, 2056, 1632, 1819, 1775, 1717, 1723
VALPARAÍSO;LLAILLAY;Comunal;PRC;Instrumento de origen;PLAN REGULADOR COMUNAL DE LLAYLLAY;Derogado;16-02-1985;;;;Sin información;Sin información;;;Sin información;
VALPARAÍSO;SAN FELIPE;Comunal;PRC;Instrumento de origen;APRUEBA NUEVO PLAN REGULADOR COMUNAL DE SAN FELIPE;Derogado;06-03-1985;;;;Sin información;Sin información;;;Sin información;450, 451, 452, 453
LIBERTADOR GENERAL BERNARDO O'HIGGINS;GRANEROS;Comunal;PRC;Instrumento de origen;APRUEBA PLAN REGULADOR COMUNAL DE GRANEROS;Derogado;31-08-1985;;;;Sin información;Sin información;;;Sin información;
ATACAMA;CALDERA;Comunal;PRC;Instrumento de origen;APRUEBA PLAN REGULADOR COMUNAL DE CALDERA;Derogado;11-08-1986;;;;Sin información;Sin información;;;Sin información;126, 120, 122, 124, 125, 123, 127, 128
ANTOFAGASTA;CALAMA;Comunal;PRC;Instrumento de origen;Modifica Plan Regulador Comunal de Calama;Derogado;20-11-1986;;;;Sin información;Sin información;;;Sin información;
LIBERTADOR GENERAL BERNARDO O'HIGGINS;SAN VICENTE;Comunal;PRC;Instrumento de origen;APRUEBA PLAN REGULADOR COMUNAL DE SAN VICENTE;Derogado;12-12-1986;;;;Sin información;Sin información;;;Sin información;725
COQUIMBO;VICUÑA;Comunal;PRC;Instrumento de origen;APRUEBA PLAN REGULADOR COMUNAL DE VICUÑA;Derogado;26-02-1987;;;;Sin información;Sin información;;;Sin información;
LIBERTADOR GENERAL BERNARDO O'HIGGINS;NAVIDAD;Comunal;PRC;Instrumento de origen;APRUEBA PLANES REGULADORES DE RAPEL, LAS BRISAS, MATANZAS, COMUNA DE NAVIDAD;Derogado;27-03-1987;;;;Sin información;Sin información;;;Sin información;
LIBERTADOR GENERAL BERNARDO O'HIGGINS;MOSTAZAL;Comunal;PRC;Instrumento de origen;APRUEBA PLAN REGULADOR COMUNAL DE MOSTAZAL, CENTROS POBLADOS DE SAN FRANCISCO DE MOSTAZAL Y LA PUNTA;Derogado;21-04-1987;;;;Sin información;Sin información;;;Sin información;
LIBERTADOR GENERAL BERNARDO O'HIGGINS;COINCO;Comunal;PRC;Instrumento de origen;APRUEBA PLAN REGULADOR COMUNAL DE COINCO, CENTROS POBLADOS DE COINCO, COPEQUEN Y LA CRUZ DE CHILLEHUE;Derogado;08-05-1987;;;;Sin información;Sin información;;;Sin información;
METROPOLITANA DE SANTIAGO;QUINTA NORMAL;Comunal;PRC;Instrumento de origen;APRUEBA PLAN REGULADOR COMUNAL DE QUINTA NORMAL;Derogado;04-07-1987;;;;Sin información;Sin información;;;Sin información;1953, 2040, 2088, 2015
LIBERTADOR GENERAL BERNARDO O'HIGGINS;REQUINOA;Comunal;PRC;Instrumento de origen;vigente solo localidad los lirios;Derogado;23-09-1987;;;;Sin información;Sin información;;;Sin información;718
LIBERTADOR GENERAL BERNARDO O'HIGGINS;SAN FERNANDO;Comunal;PRC;Instrumento de origen;PLAN REGULADOR SAN FERNANDO;Derogado;01-12-1987;;;;Sin información;Sin información;;;Sin información;721, 722
LA ARAUCANÍA;ANGOL;Comunal;PRC;Instrumento de origen;APRUEBA PLAN REGULADOR COMUNAL DE ANGOL;Derogado;10-12-1987;;;;Sin información;Sin información;;;Sin información;1126, 1127, 1125, 1128
ANTOFAGASTA;CALAMA;Comunal;PRC;Instrumento de origen;Modifica Plan Regulador Comunal de Calama;Derogado;18-02-1988;;;;Sin información;Sin información;;;Sin información;
MAGALLANES Y ANTÁRTICA CHILENA;PUNTA ARENAS;Comunal;PRC;Instrumento de origen;APRUEBA NUEVO PLAN REGULADOR COMUNAL PUNTA ARENAS;Derogado;18-04-1988;;;;Sin información;Sin información;;;Sin información;1360, 1367, 1355, 1358, 1361, 1362, 1363, 1390, 1364, 1365, 1366, 1368, 1369, 1370
METROPOLITANA DE SANTIAGO;LO PRADO;Comunal;PRC;Instrumento de origen;APRUEBA PLAN REGULADOR COMUNAL DE LO PRADO;Derogado;25-05-1988;;;;Sin información;Sin información;;;Sin información;
ANTOFAGASTA;CALAMA;Comunal;PRC;Instrumento de origen;Modifica Plan Regulador Comunal de Calama;Derogado;06-07-1988;;;;Sin información;Sin información;;;Sin información;
COQUIMBO;COQUIMBO;Comunal;PRC;Instrumento de origen;APRUEBA PLAN REGULADOR DE TONGOY COMUNA DE COQUIMBO;Derogado;23-08-1988;;;;Sin información;Sin información;;;Sin información;
MAULE;MOLINA;Comunal;PRC;Instrumento de origen;APRUEBA PLAN REGULADOR COMUNAL DE MOLINA;Derogado;25-10-1988;;;;Sin información;Sin información;;;Sin información;809
ANTOFAGASTA;TOCOPILLA;Comunal;PRC;Instrumento de origen;APRUEBA PLAN REGULADOR COMUNAL DE TOCOPILLA;Derogado;19-11-1988;;;;Sin información;Sin información;;;Sin información;
MAULE;CAUQUENES;Comunal;PRC;Instrumento de origen;APRUEBA PLAN REGULADOR COMUNAL DE CAUQUENES;Derogado;19-12-1988;;;;Sin información;Sin información;;;Sin información;
VALPARAÍSO;PUCHUNCAVI;Comunal;PRC;Instrumento de origen;APRUEBA PLAN REGULADOR COMUNAL DE PUCHUNCAVÍ;Derogado;07-02-1989;;;;Sin información;Sin información;;;Sin información;310, 311, 312
ÑUBLE;CHILLÁN;Comunal;PRC;Instrumento de origen;APRUEBA PLAN REGULADOR DE CHILLAN;Derogado;27-06-1989;;;;Sin información;Sin información;;;Sin información;2389, 2388, 2390, 2391, 2393, 2392, 2394
ANTOFAGASTA;ANTOFAGASTA;Comunal;PRC;Instrumento de origen;Plan Regulador Comunal de Antofagasta;Derogado;07-08-1989;;;;Sin información;Sin información;;;Sin información;34, 35, 36
ÑUBLE;QUILLÓN;Comunal;PRC;Instrumento de origen;PLAN REGULADOR COMUNAL DE QUILLON;Derogado;25-09-1989;;;;Sin información;Sin información;;;Sin información;2411
MAULE;CURICO;Comunal;PRC;Instrumento de origen;APRUEBA NUEVO PLAN REGULADOR COMUNAL DE CURICO;Derogado;27-12-1989;;;;Sin información;Sin información;;;Sin información;801, 802
VALPARAÍSO;CASABLANCA;Comunal;PRC;Instrumento de origen;APRUEBA PLAN REGULADOR COMUNAL DE CASABLANCA;Derogado;17-02-1990;;;;Sin información;Sin información;;;Sin información;
MAULE;TALCA;Comunal;PRC;Instrumento de origen;APRUEBA NUEVO PLAN REGULADOR COMUNAL DE TALCA;Derogado;03-03-1990;;;;Sin información;Sin información;;;Sin información;774, 776
ATACAMA;CHAÑARAL;Comunal;PRC;Instrumento de origen;APRUEBA PLAN REGULADOR COMUNAL DE CHAÑARAL;Derogado;07-03-1990;;;;Sin información;Sin información;;;Sin información;
MAULE;LINARES;Comunal;PRC;Instrumento de origen;APRUEBASE PLAN REGULADOR COMUNAL DE LINARES;Derogado;06-06-1990;;;;Sin información;Sin información;;;Sin información;822, 823
MAULE;SAN JAVIER;Comunal;PRC;Instrumento de origen;APRUEBA NUEVO PLAN REGULADOR COMUNAL DE SAN JAVIER;Derogado;21-06-1990;;;;Sin información;Sin información;;;Sin información;837, 838, 839
LIBERTADOR GENERAL BERNARDO O'HIGGINS;CODEGUA;Comunal;PRC;Instrumento de origen;APRUEBA PLAN REGULADOR COMUNAL DE CODEGUA;Derogado;19-10-1990;;;;Sin información;Sin información;;;Sin información;
MAULE;TALCA;Comunal;PRC;Instrumento de origen;MODIFICA PLAN REGULADOR COMUNAL DE TALCA EN SENTIDO QUE INDICA;Derogado;20-05-1991;;;;Sin información;Sin información;;;Sin información;
LOS LAGOS;CASTRO;Comunal;PRC;Instrumento de origen;APRUEBA ORDENANZA LOCAL DEL PLAN REGULADOR COMUNAL DE CASTRO;Derogado;12-08-1991;;;;Sin información;Sin información;;;Sin información;1201
LA ARAUCANÍA;COLLIPULLI;Comunal;PRC;Instrumento de origen;APRUEBA PLAN REGULADOR COMUNAL DE COLLIPULLI;Derogado;20-08-1991;;;;Sin información;Sin información;;;Sin información;
LIBERTADOR GENERAL BERNARDO O'HIGGINS;LOLOL;Comunal;PRC;Instrumento de origen;APRUEBA PLAN REGULADOR COMUNAL DE LOLOL;Derogado;09-09-1991;;;;Sin información;Sin información;;;Sin información;
LIBERTADOR GENERAL BERNARDO O'HIGGINS;CHIMBARONGO;Comunal;PRC;Instrumento de origen;APRUEBA PLAN REGULADOR COMUNAL DE CHIMBARONGO;Derogado;08-10-1991;;;;Sin información;Sin información;;;Sin información;
COQUIMBO;ANDACOLLO;Comunal;PRC;Instrumento de origen;APRUEBA PLAN REGULADOR COMUNAL DE ANDACOLLO;Derogado;11-10-1991;;;;Sin información;Sin información;;;Sin información;
ATACAMA;CALDERA;Comunal;PRC;Instrumento de origen;APRUEBA PLAN REGULADOR COMUNAL DE CALDERA;Derogado;14-12-1991;;;;Sin información;Sin información;;;Sin información;
METROPOLITANA DE SANTIAGO;LA GRANJA;Comunal;PRC;Instrumento de origen;APRUEBA PLAN REGULADOR COMUNAL DE LA GRANJA;Derogado;21-01-1992;;;;Sin información;Sin información;;;Sin información;
VALPARAÍSO;SAN ESTEBAN;Comunal;PRC;Instrumento de origen;APRUEBA PLAN REGULADOR COMUNAL DE SAN ESTEBAN;Derogado;27-02-1992;;;;Sin información;Sin información;;;Sin información;
COQUIMBO;MONTE PATRIA;Comunal;PRC;Instrumento de origen;APRUEBA PLAN REGULADOR COMUNAL DE MONTE PATRIA;Derogado;13-04-1992;;;;Sin información;Sin información;;;Sin información;
LIBERTADOR GENERAL BERNARDO O'HIGGINS;MALLOA;Comunal;PRC;Instrumento de origen;APRUEBA PLAN REGULADOR COMUNAL DE MALLOA;Derogado;29-08-1992;;;;Sin información;Sin información;;;Sin información;
COQUIMBO;LA SERENA;Comunal;PRC;Instrumento de origen;DEJA SIN EFECTO RESOLUCION No. 7, DE 1992, Y APRUEBA PLAN REGULADOR COMUNAL DE LA SERENA;Derogado;30-12-1992;;;;Sin información;Sin información;;;Sin información;167, 168
LOS RÍOS;MAFIL;Comunal;PRC;Instrumento de origen;Plan Regulador Comunal de Máfil;Derogado;25-02-1993;;;;Sin información;Sin información;;;Sin información;
ATACAMA;COPIAPO;Comunal;PRC;Instrumento de origen;APRUEBA NUEVO PLAN REGULADOR COMUNAL DE COPIAPO;Derogado;14-04-1993;;;;Sin información;Sin información;;;Sin información;113, 112, 114, 115, 116, 117
METROPOLITANA DE SANTIAGO;PAINE;Comunal;PRC;Instrumento de origen;Plan Regulador Comunal de Paine;Derogado;07-05-1993;;;;Sin información;Sin información;;;Sin información;1675, 3280
MAULE;TALCA;Comunal;PRC;Instrumento de origen;APRUEBA SECCIONAL 01 QUE MODIFICA PLAN REGULADOR COMUNAL DE TALCA Y SU ORDENANZA EN EL SENTIDO QUE INDICA;Derogado;18-08-1993;;;;Sin información;Sin información;;;Sin información;
LIBERTADOR GENERAL BERNARDO O'HIGGINS;RENGO;Comunal;PRC;Instrumento de origen;APRUEBA EL PLAN REGULADOR COMUNAL DE RENGO;Derogado;09-10-1993;;;;Sin información;Sin información;;;Sin información;698, 699
METROPOLITANA DE SANTIAGO;CERRO NAVIA;Comunal;PRC;Instrumento de origen;APRUEBA PLAN REGULADOR DE CERRO NAVIA;Derogado;21-10-1993;;;;Sin información;Sin información;;;Sin información;1592, 2127, 2030, 1501, 1774, 1712, 1622, 2094, 1688, 2069, 1778, 1646
VALPARAÍSO;VIÑA DEL MAR;Comunal;PRC;Instrumento de origen;APRUEBA PLAN REGULADOR COMUNAL DE VIÑA DEL MAR;Derogado;12-02-1994;;;;Sin información;Sin información;;;Sin información;
MAULE;CAUQUENES;Comunal;PRC;Instrumento de origen;APRUEBA MODIFICACION PLANO REGULADOR COMUNAL DE CAUQUENES, EN EL SENTIDO QUE INDICA;Derogado;06-07-1994;;;;Sin información;Sin información;;;Sin información;
LIBERTADOR GENERAL BERNARDO O'HIGGINS;LA ESTRELLA;Comunal;PRC;Instrumento de origen;MODIFICA PLAN INTERCOMUNAL LA ESTRELLA;Derogado;26-05-1995;;;;Sin información;Sin información;;;Sin información;
ARICA Y PARINACOTA;ARICA;Comunal;PRC;Instrumento de origen;PROMULGA PLAN REGULADOR DE LA COMUNA DE ARICA;Derogado;17-06-1995;;;;Sin información;Sin información;;;Sin información;2526, 2527, 2533
LIBERTADOR GENERAL BERNARDO O'HIGGINS;PEUMO;Comunal;PRC;Instrumento de origen;MODIFICA PLAN REGULADOR COMUNAL DE PEUMO SECTOR EX ESTACION;Derogado;03-06-1996;;;;Sin información;Sin información;;;Sin información;
LOS LAGOS;CALBUCO;Comunal;PRC;Instrumento de origen;APRUEBA PLAN REGULADOR COMUNAL DE CALBUCO;Derogado;04-07-1997;;;;Sin información;Sin información;;;Sin información;
MAULE;TALCA;Comunal;PRC;Instrumento de origen;MODIFICA PLAN REGULADOR COMUNAL DE TALCA Y ORDENANZA EN SENTIDO QUE INDICA;Derogado;30-09-1997;;;;Sin información;Sin información;;;Sin información;
MAULE;TALCA;Comunal;PRC;Instrumento de origen;MODIFICA PLAN REGULADOR COMUNAL DE TALCA Y ORDENANZA EN SENTIDO QUE INDICA;Derogado;30-09-1997;;;;Sin información;Sin información;;;Sin información;
VALPARAÍSO;SAN ESTEBAN;Comunal;PRC;Instrumento de origen;PROMULGA REFORMULACIÓN AL PLAN REGULADOR COMUNAL DE SAN ESTEBAN;Derogado;12-05-1999;;;;Sin información;Sin información;;;Sin información;
LOS LAGOS;CASTRO;Comunal;PRC;Instrumento de origen;APRUEBA MODIFICACION AL PLAN REGULADOR COMUNAL DE CASTRO;Derogado;01-03-2000;;;;Sin información;Sin información;;;Sin información;
METROPOLITANA DE SANTIAGO;SAN JOAQUIN;Comunal;PRC;Instrumento de origen;Publicación PRC;Derogado;22-05-2000;;;;Sin información;Sin información;;;Sin información;1620, 1704, 1667, 2017, 2134, 1626, 1748, 1799, 2146, 1884, 2118, 2119, 2110, 1743, 1941, 2123, 1665, 1826, 2277, 2267, 2233, 2257
VALPARAÍSO;CONCON;Comunal;PRC;Instrumento de origen;Plan Regulador Comunal de Viña del Mar - Seccional Lomas de Montemar;Derogado;04-06-2001;;;;Sin información;Sin información;;;Sin información;305
ANTOFAGASTA;SIERRA GORDA;Comunal;PRC;Instrumento de origen;Plan Regulador Comunal de Sierra Gorda;Derogado;29-06-2001;;;;Sin información;Sin información;;;Sin información;72
LOS LAGOS;CASTRO;Comunal;PRC;Instrumento de origen;APRUEBA MODIFICACION AL PLAN REGULADOR COMUNAL DE CASTRO;Derogado;04-10-2001;;;;Sin información;Sin información;;;Sin información;
MAULE;TALCA;Comunal;PRC;Instrumento de origen;PROMULGA MODIFICACION AL PLAN REGULADOR COMUNAL DE TALCA;Derogado;05-06-2002;;;;Sin información;Sin información;;;Sin información;
COQUIMBO;LA SERENA;Comunal;PRC;Instrumento de origen;PROMULGA MODIFICACION Y ACTUALIZACION PLAN REGULADOR COMUNAL DE LA SERENA;Derogado;05-08-2004;;;;Sin información;Sin información;;;Sin información;172, 170, 174, 175, 176, 178, 179, 180, 182, 183, 177, 162, 171, 173, 181
METROPOLITANA DE SANTIAGO;SAN MIGUEL;Comunal;PRC;Instrumento de origen;APRUEBA NUEVO PLAN REGULADOR COMUNAL DE SAN MIGUEL;Derogado;28-11-2005;;;;Sin información;Sin información;;;Sin información;1681, 1730
COQUIMBO;MONTE PATRIA;Comunal;PRC;Instrumento de origen;PROMULGA MODIFICACION Y ACTUALIZACION PLAN REGULADOR COMUNAL DE MONTE PATRIA;Derogado;09-11-2006;;;;Sin información;Sin información;;;Sin información;
LOS RÍOS;PAILLACO;Comunal;PRC;Instrumento de origen;APRUEBA PLAN REGULADOR COMUNAL DE PAILLACO;Derogado;07-06-2007;;;;Sin información;Sin información;;;Sin información;
MAULE;TALCA;Comunal;PRC;Instrumento de origen;APRUEBA PLAN SECCIONAL MODIFICACION PARTE DE LA ZONA ZE- I (ZONA EXPANSIÓN INDUSTRIAL);Derogado;28-01-2011;;;;Sin información;Sin información;;;Sin información;
MAULE;LINARES;Comunal;PRC;Instrumento de origen;ANULA DECLARATORIAS DE UTILIDAD PUBLICA CONTENIDAS EN EL PLAN REGULADOR DE LINARES VIGENTE Y LOS SECCIONALES 2 Y 3;Derogado;29-04-2015;;;;Sin información;Sin información;;;Sin información;
ÑUBLE;CHILLÁN;Comunal;PRC;Instrumento de origen;DEJA SIN EFECTO DECLATARORIAS DE UTILIDAD PUBLICA DE LAS SIGUIENTES VIAS CONSULTADAS EN EL PLAN REGULADOR;Derogado;09-06-2015;;;;Sin información;Sin información;;;Sin información;
ARICA Y PARINACOTA;ARICA;Comunal;PRC;Instrumento de origen;Plan Regulador de Arica;Derogado;;;;;Sin información;Sin información;;;Sin información;2466, 2467, 2468, 2469, 2470
TARAPACÁ;IQUIQUE;Comunal;PRC;Instrumento de origen;Plan Regulador Comunal de Iquique;Derogado;;17-02-2025;;;No procede;No procede;;;No procede;2, 3, 4, 5, 6, 7, 8, 9, 10, 11, 12, 13, 14, 15
ANTOFAGASTA;CALAMA;Comunal;PRC;Instrumento de origen;Plan Regulador Comunal de Calama;Derogado;;;;;Sin información;Sin información;;;Sin información;
VALPARAÍSO;SANTO DOMINGO;Comunal;PRC;Instrumento de origen;PLAN REGULADOR COMUNAL DE SANTO DOMINGO;Derogado;;;;;Sin información;Sin información;;;Sin información;441, 442
VALPARAÍSO;QUILPUE;Comunal;PRC;Instrumento de origen;APRUEBA PLANO REGULADOR Y ORDENANZA LOCAL DE LA COMUNA DE QUILPUÉ;Derogado;;26-07-2019;;;Procede;No procede;;;No procede;
METROPOLITANA DE SANTIAGO;TALAGANTE;Comunal;PRC;Instrumento de origen;ORDENANZA LOCAL DE URBANIZACIÓN;Derogado;;;;;Sin información;Sin información;;;Sin información;1996, 1771, 1707, 1964, 2026
METROPOLITANA DE SANTIAGO;VITACURA;Comunal;PRC;Instrumento de origen;Plan Regulador Comunal de Vitacura;Derogado;;;;;Sin información;Sin información;;;Sin información;1636
LA ARAUCANÍA;PUCON;Comunal;PRC;Instrumento de origen;PLANO. PLAN REGULADOR COMUNAL DE PUCÓN;Derogado;;;;;Sin información;Sin información;;;Sin información;1172
AYSÉN DEL GENERAL CARLOS IBÁÑEZ DEL CAMPO;AYSEN;Comunal;PRC;Instrumento de origen;ORDENANZA LOCAL DE CONSTRUCCIONES Y URBANIZACION DE LA CIUDAD DE PUERTO AISEN;Derogado;;;;;Sin información;Sin información;;;Sin información;
MAGALLANES Y ANTÁRTICA CHILENA;PORVENIR;Comunal;PRC;Instrumento de origen;Plan Regulador Comunal de Porvenir;Derogado;;;;;Sin información;Sin información;;;Sin información;1373
METROPOLITANA DE SANTIAGO;TIL TIL;Comunal;PRC;Instrumento de origen;Plan Regulador Comunal de Til Til;Desistido;;;01-03-2022;16-02-2023;No procede;Procede;08-04-2016;20-10-2021;No procede;
LA ARAUCANÍA;LONQUIMAY;Comunal;PRC;Instrumento de origen;Actualización PRC Loquimay;Desistido;;;;;Sin información;Sin información;;;Sin información;
LA ARAUCANÍA;TEODORO SCHMIDT;Comunal;PRC;Instrumento de origen;Plan Regulador Comunal de Teodoro Schmidt;Desistido;;;01-06-2023;11-07-2024;Procede;Procede;;;No procede;
AYSÉN DEL GENERAL CARLOS IBÁÑEZ DEL CAMPO;COCHRANE;Comunal;PRC;Instrumento de origen;Plan Regulador Comunal de Cochrane;Desistido;;;;;Sin información;Sin información;;;Sin información;
AYSÉN DEL GENERAL CARLOS IBÁÑEZ DEL CAMPO;AYSEN;Comunal;PRC;Instrumento de origen;Plan Regulador Comunal de Aysén;Desistido;;;;;Sin información;Sin información;;;Sin información;
MAGALLANES Y ANTÁRTICA CHILENA;LAGUNA BLANCA;Comunal;PRC;Instrumento de origen;Plan Regulador de Villa Tehuelches, Comuna de Laguna Blanca;Desistido;;;27-10-2020;22-04-2025;Procede;Procede;22-05-2015;30-04-2018;Procede;
